DATE_REPORTED,COUNTRY_CODE,COUNTRY,NEW_CASES,CUMULATIVE_CASES,NEW_DEATHS,CUMULATIVE_DEATHS,TOTAL_VACCINATIONS,PEOPLE_VACCINATED,PEOPLE_FULLY_VACCINATED,TOTAL_BOOSTERS,DAILY_VACCINATIONS,TOTAL_VACCINATIONS_PER_HUNDRED,PEOPLE_VACCINATED_PER_HUNDRED,PEOPLE_FULLY_VACCINATED_PER_HUNDRED,TOTAL_BOOSTERS_PER_HUNDRED,DAILY_VACCINATIONS_PER_MILLION,DAILY_PEOPLE_VACCINATED,DAILY_PEOPLE_VACCINATED_PER_HUNDRED
31.01.2020,NO,Norway,0,0,0,0,0,0,0,0,0,0,0,0,0,0,0,0
01.02.2020,NO,Norway,0,0,0,0,0,0,0,0,0,0,0,0,0,0,0,0
02.02.2020,NO,Norway,0,0,0,0,0,0,0,0,0,0,0,0,0,0,0,0
03.02.2020,NO,Norway,0,0,0,0,0,0,0,0,0,0,0,0,0,0,0,0
04.02.2020,NO,Norway,0,0,0,0,0,0,0,0,0,0,0,0,0,0,0,0
05.02.2020,NO,Norway,0,0,0,0,0,0,0,0,0,0,0,0,0,0,0,0
06.02.2020,NO,Norway,0,0,0,0,0,0,0,0,0,0,0,0,0,0,0,0
07.02.2020,NO,Norway,0,0,0,0,0,0,0,0,0,0,0,0,0,0,0,0
08.02.2020,NO,Norway,0,0,0,0,0,0,0,0,0,0,0,0,0,0,0,0
09.02.2020,NO,Norway,0,0,0,0,0,0,0,0,0,0,0,0,0,0,0,0
10.02.2020,NO,Norway,0,0,0,0,0,0,0,0,0,0,0,0,0,0,0,0
11.02.2020,NO,Norway,0,0,0,0,0,0,0,0,0,0,0,0,0,0,0,0
12.02.2020,NO,Norway,0,0,0,0,0,0,0,0,0,0,0,0,0,0,0,0
13.02.2020,NO,Norway,0,0,0,0,0,0,0,0,0,0,0,0,0,0,0,0
14.02.2020,NO,Norway,0,0,0,0,0,0,0,0,0,0,0,0,0,0,0,0
15.02.2020,NO,Norway,0,0,0,0,0,0,0,0,0,0,0,0,0,0,0,0
16.02.2020,NO,Norway,0,0,0,0,0,0,0,0,0,0,0,0,0,0,0,0
17.02.2020,NO,Norway,0,0,0,0,0,0,0,0,0,0,0,0,0,0,0,0
18.02.2020,NO,Norway,0,0,0,0,0,0,0,0,0,0,0,0,0,0,0,0
19.02.2020,NO,Norway,0,0,0,0,0,0,0,0,0,0,0,0,0,0,0,0
20.02.2020,NO,Norway,1,1,0,0,0,0,0,0,0,0,0,0,0,0,0,0
21.02.2020,NO,Norway,0,1,0,0,0,0,0,0,0,0,0,0,0,0,0,0
22.02.2020,NO,Norway,0,1,0,0,0,0,0,0,0,0,0,0,0,0,0,0
23.02.2020,NO,Norway,0,1,0,0,0,0,0,0,0,0,0,0,0,0,0,0
24.02.2020,NO,Norway,0,1,0,0,0,0,0,0,0,0,0,0,0,0,0,0
25.02.2020,NO,Norway,0,1,0,0,0,0,0,0,0,0,0,0,0,0,0,0
26.02.2020,NO,Norway,0,1,0,0,0,0,0,0,0,0,0,0,0,0,0,0
27.02.2020,NO,Norway,3,4,0,0,0,0,0,0,0,0,0,0,0,0,0,0
28.02.2020,NO,Norway,2,6,0,0,0,0,0,0,0,0,0,0,0,0,0,0
29.02.2020,NO,Norway,9,15,0,0,0,0,0,0,0,0,0,0,0,0,0,0
01.03.2020,NO,Norway,6,21,0,0,0,0,0,0,0,0,0,0,0,0,0,0
02.03.2020,NO,Norway,10,31,0,0,0,0,0,0,0,0,0,0,0,0,0,0
03.03.2020,NO,Norway,12,43,0,0,0,0,0,0,0,0,0,0,0,0,0,0
04.03.2020,NO,Norway,31,74,0,0,0,0,0,0,0,0,0,0,0,0,0,0
05.03.2020,NO,Norway,33,107,0,0,0,0,0,0,0,0,0,0,0,0,0,0
06.03.2020,NO,Norway,33,140,0,0,0,0,0,0,0,0,0,0,0,0,0,0
07.03.2020,NO,Norway,24,164,0,0,0,0,0,0,0,0,0,0,0,0,0,0
08.03.2020,NO,Norway,19,183,0,0,0,0,0,0,0,0,0,0,0,0,0,0
09.03.2020,NO,Norway,65,248,0,0,0,0,0,0,0,0,0,0,0,0,0,0
10.03.2020,NO,Norway,247,495,0,0,0,0,0,0,0,0,0,0,0,0,0,0
11.03.2020,NO,Norway,241,736,0,0,0,0,0,0,0,0,0,0,0,0,0,0
12.03.2020,NO,Norway,175,911,0,0,0,0,0,0,0,0,0,0,0,0,0,0
13.03.2020,NO,Norway,206,1117,0,0,0,0,0,0,0,0,0,0,0,0,0,0
14.03.2020,NO,Norway,147,1264,1,1,0,0,0,0,0,0,0,0,0,0,0,0
15.03.2020,NO,Norway,100,1364,0,1,0,0,0,0,0,0,0,0,0,0,0,0
16.03.2020,NO,Norway,99,1463,0,1,0,0,0,0,0,0,0,0,0,0,0,0
17.03.2020,NO,Norway,180,1643,0,1,0,0,0,0,0,0,0,0,0,0,0,0
18.03.2020,NO,Norway,176,1819,2,3,0,0,0,0,0,0,0,0,0,0,0,0
19.03.2020,NO,Norway,213,2032,0,3,0,0,0,0,0,0,0,0,0,0,0,0
20.03.2020,NO,Norway,239,2271,0,3,0,0,0,0,0,0,0,0,0,0,0,0
21.03.2020,NO,Norway,308,2579,3,6,0,0,0,0,0,0,0,0,0,0,0,0
22.03.2020,NO,Norway,174,2753,1,7,0,0,0,0,0,0,0,0,0,0,0,0
23.03.2020,NO,Norway,148,2901,0,7,0,0,0,0,0,0,0,0,0,0,0,0
24.03.2020,NO,Norway,296,3197,0,7,0,0,0,0,0,0,0,0,0,0,0,0
25.03.2020,NO,Norway,313,3510,1,8,0,0,0,0,0,0,0,0,0,0,0,0
26.03.2020,NO,Norway,292,3802,2,10,0,0,0,0,0,0,0,0,0,0,0,0
27.03.2020,NO,Norway,298,4100,2,12,0,0,0,0,0,0,0,0,0,0,0,0
28.03.2020,NO,Norway,262,4362,2,14,0,0,0,0,0,0,0,0,0,0,0,0
29.03.2020,NO,Norway,166,4528,2,16,0,0,0,0,0,0,0,0,0,0,0,0
30.03.2020,NO,Norway,106,4634,4,20,0,0,0,0,0,0,0,0,0,0,0,0
31.03.2020,NO,Norway,264,4898,2,22,0,0,0,0,0,0,0,0,0,0,0,0
01.04.2020,NO,Norway,208,5106,4,26,0,0,0,0,0,0,0,0,0,0,0,0
02.04.2020,NO,Norway,198,5304,2,28,0,0,0,0,0,0,0,0,0,0,0,0
03.04.2020,NO,Norway,198,5502,4,32,0,0,0,0,0,0,0,0,0,0,0,0
04.04.2020,NO,Norway,164,5666,10,42,0,0,0,0,0,0,0,0,0,0,0,0
05.04.2020,NO,Norway,88,5754,2,44,0,0,0,0,0,0,0,0,0,0,0,0
06.04.2020,NO,Norway,72,5826,6,50,0,0,0,0,0,0,0,0,0,0,0,0
07.04.2020,NO,Norway,159,5985,8,58,0,0,0,0,0,0,0,0,0,0,0,0
08.04.2020,NO,Norway,140,6125,1,59,0,0,0,0,0,0,0,0,0,0,0,0
09.04.2020,NO,Norway,106,6231,10,69,0,0,0,0,0,0,0,0,0,0,0,0
10.04.2020,NO,Norway,103,6334,11,80,0,0,0,0,0,0,0,0,0,0,0,0
11.04.2020,NO,Norway,68,6402,8,88,0,0,0,0,0,0,0,0,0,0,0,0
12.04.2020,NO,Norway,110,6512,4,92,0,0,0,0,0,0,0,0,0,0,0,0
13.04.2020,NO,Norway,76,6588,6,98,0,0,0,0,0,0,0,0,0,0,0,0
14.04.2020,NO,Norway,77,6665,5,103,0,0,0,0,0,0,0,0,0,0,0,0
15.04.2020,NO,Norway,122,6787,11,114,0,0,0,0,0,0,0,0,0,0,0,0
16.04.2020,NO,Norway,103,6890,13,127,0,0,0,0,0,0,0,0,0,0,0,0
17.04.2020,NO,Norway,80,6970,3,130,0,0,0,0,0,0,0,0,0,0,0,0
18.04.2020,NO,Norway,108,7078,6,136,0,0,0,0,0,0,0,0,0,0,0,0
19.04.2020,NO,Norway,49,7127,0,136,0,0,0,0,0,0,0,0,0,0,0,0
20.04.2020,NO,Norway,36,7163,12,148,0,0,0,0,0,0,0,0,0,0,0,0
21.04.2020,NO,Norway,84,7247,6,154,0,0,0,0,0,0,0,0,0,0,0,0
22.04.2020,NO,Norway,78,7325,0,154,0,0,0,0,0,0,0,0,0,0,0,0
23.04.2020,NO,Norway,77,7402,9,163,0,0,0,0,0,0,0,0,0,0,0,0
24.04.2020,NO,Norway,69,7471,6,169,0,0,0,0,0,0,0,0,0,0,0,0
25.04.2020,NO,Norway,53,7524,11,180,0,0,0,0,0,0,0,0,0,0,0,0
26.04.2020,NO,Norway,25,7549,11,191,0,0,0,0,0,0,0,0,0,0,0,0
27.04.2020,NO,Norway,37,7586,2,193,0,0,0,0,0,0,0,0,0,0,0,0
28.04.2020,NO,Norway,71,7657,0,193,0,0,0,0,0,0,0,0,0,0,0,0
29.04.2020,NO,Norway,50,7707,0,193,0,0,0,0,0,0,0,0,0,0,0,0
30.04.2020,NO,Norway,39,7746,2,195,0,0,0,0,0,0,0,0,0,0,0,0
01.05.2020,NO,Norway,39,7785,7,202,0,0,0,0,0,0,0,0,0,0,0,0
02.05.2020,NO,Norway,43,7828,2,204,0,0,0,0,0,0,0,0,0,0,0,0
03.05.2020,NO,Norway,23,7851,0,204,0,0,0,0,0,0,0,0,0,0,0,0
04.05.2020,NO,Norway,44,7895,0,204,0,0,0,0,0,0,0,0,0,0,0,0
05.05.2020,NO,Norway,45,7940,4,208,0,0,0,0,0,0,0,0,0,0,0,0
06.05.2020,NO,Norway,44,7984,0,208,0,0,0,0,0,0,0,0,0,0,0,0
07.05.2020,NO,Norway,39,8023,1,209,0,0,0,0,0,0,0,0,0,0,0,0
08.05.2020,NO,Norway,29,8052,0,209,0,0,0,0,0,0,0,0,0,0,0,0
09.05.2020,NO,Norway,42,8094,0,209,0,0,0,0,0,0,0,0,0,0,0,0
10.05.2020,NO,Norway,11,8105,4,213,0,0,0,0,0,0,0,0,0,0,0,0
11.05.2020,NO,Norway,12,8117,0,213,0,0,0,0,0,0,0,0,0,0,0,0
12.05.2020,NO,Norway,25,8142,4,217,0,0,0,0,0,0,0,0,0,0,0,0
13.05.2020,NO,Norway,19,8161,7,224,0,0,0,0,0,0,0,0,0,0,0,0
14.05.2020,NO,Norway,19,8180,4,228,0,0,0,0,0,0,0,0,0,0,0,0
15.05.2020,NO,Norway,24,8204,1,229,0,0,0,0,0,0,0,0,0,0,0,0
16.05.2020,NO,Norway,23,8227,3,232,0,0,0,0,0,0,0,0,0,0,0,0
17.05.2020,NO,Norway,13,8240,0,232,0,0,0,0,0,0,0,0,0,0,0,0
18.05.2020,NO,Norway,4,8244,0,232,0,0,0,0,0,0,0,0,0,0,0,0
19.05.2020,NO,Norway,17,8261,0,232,0,0,0,0,0,0,0,0,0,0,0,0
20.05.2020,NO,Norway,20,8281,1,233,0,0,0,0,0,0,0,0,0,0,0,0
21.05.2020,NO,Norway,19,8300,0,233,0,0,0,0,0,0,0,0,0,0,0,0
22.05.2020,NO,Norway,14,8314,1,234,0,0,0,0,0,0,0,0,0,0,0,0
23.05.2020,NO,Norway,26,8340,0,234,0,0,0,0,0,0,0,0,0,0,0,0
24.05.2020,NO,Norway,6,8346,1,235,0,0,0,0,0,0,0,0,0,0,0,0
25.05.2020,NO,Norway,6,8352,0,235,0,0,0,0,0,0,0,0,0,0,0,0
26.05.2020,NO,Norway,18,8370,0,235,0,0,0,0,0,0,0,0,0,0,0,0
27.05.2020,NO,Norway,12,8382,0,235,0,0,0,0,0,0,0,0,0,0,0,0
28.05.2020,NO,Norway,18,8400,0,235,0,0,0,0,0,0,0,0,0,0,0,0
29.05.2020,NO,Norway,16,8416,0,235,0,0,0,0,0,0,0,0,0,0,0,0
30.05.2020,NO,Norway,16,8432,1,236,0,0,0,0,0,0,0,0,0,0,0,0
31.05.2020,NO,Norway,0,8432,0,236,0,0,0,0,0,0,0,0,0,0,0,0
01.06.2020,NO,Norway,6,8438,0,236,0,0,0,0,0,0,0,0,0,0,0,0
02.06.2020,NO,Norway,7,8445,0,236,0,0,0,0,0,0,0,0,0,0,0,0
03.06.2020,NO,Norway,31,8476,0,236,0,0,0,0,0,0,0,0,0,0,0,0
04.06.2020,NO,Norway,12,8488,1,237,0,0,0,0,0,0,0,0,0,0,0,0
05.06.2020,NO,Norway,17,8505,0,237,0,0,0,0,0,0,0,0,0,0,0,0
06.06.2020,NO,Norway,30,8535,1,238,0,0,0,0,0,0,0,0,0,0,0,0
07.06.2020,NO,Norway,8,8543,0,238,0,0,0,0,0,0,0,0,0,0,0,0
08.06.2020,NO,Norway,9,8552,0,238,0,0,0,0,0,0,0,0,0,0,0,0
09.06.2020,NO,Norway,19,8571,0,238,0,0,0,0,0,0,0,0,0,0,0,0
10.06.2020,NO,Norway,13,8584,1,239,0,0,0,0,0,0,0,0,0,0,0,0
11.06.2020,NO,Norway,14,8598,0,239,0,0,0,0,0,0,0,0,0,0,0,0
12.06.2020,NO,Norway,11,8609,0,239,0,0,0,0,0,0,0,0,0,0,0,0
13.06.2020,NO,Norway,13,8622,3,242,0,0,0,0,0,0,0,0,0,0,0,0
14.06.2020,NO,Norway,7,8629,0,242,0,0,0,0,0,0,0,0,0,0,0,0
15.06.2020,NO,Norway,6,8635,0,242,0,0,0,0,0,0,0,0,0,0,0,0
16.06.2020,NO,Norway,18,8653,0,242,0,0,0,0,0,0,0,0,0,0,0,0
17.06.2020,NO,Norway,36,8689,0,242,0,0,0,0,0,0,0,0,0,0,0,0
18.06.2020,NO,Norway,15,8704,0,242,0,0,0,0,0,0,0,0,0,0,0,0
19.06.2020,NO,Norway,13,8717,1,243,0,0,0,0,0,0,0,0,0,0,0,0
20.06.2020,NO,Norway,18,8735,1,244,0,0,0,0,0,0,0,0,0,0,0,0
21.06.2020,NO,Norway,6,8741,0,244,0,0,0,0,0,0,0,0,0,0,0,0
22.06.2020,NO,Norway,4,8745,0,244,0,0,0,0,0,0,0,0,0,0,0,0
23.06.2020,NO,Norway,28,8773,0,244,0,0,0,0,0,0,0,0,0,0,0,0
24.06.2020,NO,Norway,13,8786,4,248,0,0,0,0,0,0,0,0,0,0,0,0
25.06.2020,NO,Norway,21,8807,0,248,0,0,0,0,0,0,0,0,0,0,0,0
26.06.2020,NO,Norway,17,8824,1,249,0,0,0,0,0,0,0,0,0,0,0,0
27.06.2020,NO,Norway,22,8846,0,249,0,0,0,0,0,0,0,0,0,0,0,0
28.06.2020,NO,Norway,10,8856,0,249,0,0,0,0,0,0,0,0,0,0,0,0
29.06.2020,NO,Norway,1,8857,0,249,0,0,0,0,0,0,0,0,0,0,0,0
30.06.2020,NO,Norway,26,8883,0,249,0,0,0,0,0,0,0,0,0,0,0,0
01.07.2020,NO,Norway,11,8894,0,249,0,0,0,0,0,0,0,0,0,0,0,0
02.07.2020,NO,Norway,8,8902,1,250,0,0,0,0,0,0,0,0,0,0,0,0
03.07.2020,NO,Norway,9,8911,1,251,0,0,0,0,0,0,0,0,0,0,0,0
04.07.2020,NO,Norway,10,8921,0,251,0,0,0,0,0,0,0,0,0,0,0,0
05.07.2020,NO,Norway,2,8923,0,251,0,0,0,0,0,0,0,0,0,0,0,0
06.07.2020,NO,Norway,1,8924,0,251,0,0,0,0,0,0,0,0,0,0,0,0
07.07.2020,NO,Norway,14,8938,0,251,0,0,0,0,0,0,0,0,0,0,0,0
08.07.2020,NO,Norway,10,8948,0,251,0,0,0,0,0,0,0,0,0,0,0,0
09.07.2020,NO,Norway,11,8959,0,251,0,0,0,0,0,0,0,0,0,0,0,0
10.07.2020,NO,Norway,8,8967,0,251,0,0,0,0,0,0,0,0,0,0,0,0
11.07.2020,NO,Norway,13,8980,1,252,0,0,0,0,0,0,0,0,0,0,0,0
12.07.2020,NO,Norway,4,8984,0,252,0,0,0,0,0,0,0,0,0,0,0,0
13.07.2020,NO,Norway,5,8989,0,252,0,0,0,0,0,0,0,0,0,0,0,0
14.07.2020,NO,Norway,19,9008,0,252,0,0,0,0,0,0,0,0,0,0,0,0
15.07.2020,NO,Norway,8,9016,1,253,0,0,0,0,0,0,0,0,0,0,0,0
16.07.2020,NO,Norway,6,9022,0,253,0,0,0,0,0,0,0,0,0,0,0,0
17.07.2020,NO,Norway,4,9026,0,253,0,0,0,0,0,0,0,0,0,0,0,0
18.07.2020,NO,Norway,12,9038,1,254,0,0,0,0,0,0,0,0,0,0,0,0
19.07.2020,NO,Norway,1,9039,1,255,0,0,0,0,0,0,0,0,0,0,0,0
20.07.2020,NO,Norway,3,9042,0,255,0,0,0,0,0,0,0,0,0,0,0,0
21.07.2020,NO,Norway,21,9063,0,255,0,0,0,0,0,0,0,0,0,0,0,0
22.07.2020,NO,Norway,6,9069,0,255,0,0,0,0,0,0,0,0,0,0,0,0
23.07.2020,NO,Norway,22,9091,0,255,0,0,0,0,0,0,0,0,0,0,0,0
24.07.2020,NO,Norway,6,9097,0,255,0,0,0,0,0,0,0,0,0,0,0,0
25.07.2020,NO,Norway,24,9121,0,255,0,0,0,0,0,0,0,0,0,0,0,0
26.07.2020,NO,Norway,6,9127,0,255,0,0,0,0,0,0,0,0,0,0,0,0
27.07.2020,NO,Norway,9,9136,0,255,0,0,0,0,0,0,0,0,0,0,0,0
28.07.2020,NO,Norway,24,9160,0,255,0,0,0,0,0,0,0,0,0,0,0,0
29.07.2020,NO,Norway,16,9176,0,255,0,0,0,0,0,0,0,0,0,0,0,0
30.07.2020,NO,Norway,37,9213,0,255,0,0,0,0,0,0,0,0,0,0,0,0
31.07.2020,NO,Norway,23,9236,0,255,0,0,0,0,0,0,0,0,0,0,0,0
01.08.2020,NO,Norway,72,9308,0,255,0,0,0,0,0,0,0,0,0,0,0,0
02.08.2020,NO,Norway,14,9322,0,255,0,0,0,0,0,0,0,0,0,0,0,0
03.08.2020,NO,Norway,13,9335,0,255,0,0,0,0,0,0,0,0,0,0,0,0
04.08.2020,NO,Norway,38,9373,0,255,0,0,0,0,0,0,0,0,0,0,0,0
05.08.2020,NO,Norway,40,9413,1,256,0,0,0,0,0,0,0,0,0,0,0,0
06.08.2020,NO,Norway,66,9479,0,256,0,0,0,0,0,0,0,0,0,0,0,0
07.08.2020,NO,Norway,79,9558,0,256,0,0,0,0,0,0,0,0,0,0,0,0
08.08.2020,NO,Norway,80,9638,0,256,0,0,0,0,0,0,0,0,0,0,0,0
09.08.2020,NO,Norway,35,9673,0,256,0,0,0,0,0,0,0,0,0,0,0,0
10.08.2020,NO,Norway,34,9707,0,256,0,0,0,0,0,0,0,0,0,0,0,0
11.08.2020,NO,Norway,63,9770,0,256,0,0,0,0,0,0,0,0,0,0,0,0
12.08.2020,NO,Norway,43,9813,0,256,0,0,0,0,0,0,0,0,0,0,0,0
13.08.2020,NO,Norway,63,9876,0,256,0,0,0,0,0,0,0,0,0,0,0,0
14.08.2020,NO,Norway,54,9930,0,256,0,0,0,0,0,0,0,0,0,0,0,0
15.08.2020,NO,Norway,76,10006,1,257,0,0,0,0,0,0,0,0,0,0,0,0
16.08.2020,NO,Norway,44,10050,4,261,0,0,0,0,0,0,0,0,0,0,0,0
17.08.2020,NO,Norway,27,10077,0,261,0,0,0,0,0,0,0,0,0,0,0,0
18.08.2020,NO,Norway,74,10151,0,261,0,0,0,0,0,0,0,0,0,0,0,0
19.08.2020,NO,Norway,58,10209,0,261,0,0,0,0,0,0,0,0,0,0,0,0
20.08.2020,NO,Norway,60,10269,1,262,0,0,0,0,0,0,0,0,0,0,0,0
21.08.2020,NO,Norway,51,10320,0,262,0,0,0,0,0,0,0,0,0,0,0,0
22.08.2020,NO,Norway,53,10373,2,264,0,0,0,0,0,0,0,0,0,0,0,0
23.08.2020,NO,Norway,45,10418,0,264,0,0,0,0,0,0,0,0,0,0,0,0
24.08.2020,NO,Norway,19,10437,0,264,0,0,0,0,0,0,0,0,0,0,0,0
25.08.2020,NO,Norway,67,10504,0,264,0,0,0,0,0,0,0,0,0,0,0,0
26.08.2020,NO,Norway,42,10546,0,264,0,0,0,0,0,0,0,0,0,0,0,0
27.08.2020,NO,Norway,40,10586,0,264,0,0,0,0,0,0,0,0,0,0,0,0
28.08.2020,NO,Norway,52,10638,0,264,0,0,0,0,0,0,0,0,0,0,0,0
29.08.2020,NO,Norway,84,10722,0,264,0,0,0,0,0,0,0,0,0,0,0,0
30.08.2020,NO,Norway,42,10764,0,264,0,0,0,0,0,0,0,0,0,0,0,0
31.08.2020,NO,Norway,50,10814,0,264,0,0,0,0,0,0,0,0,0,0,0,0
01.09.2020,NO,Norway,148,10962,0,264,0,0,0,0,0,0,0,0,0,0,0,0
02.09.2020,NO,Norway,115,11077,0,264,0,0,0,0,0,0,0,0,0,0,0,0
03.09.2020,NO,Norway,101,11178,0,264,0,0,0,0,0,0,0,0,0,0,0,0
04.09.2020,NO,Norway,125,11303,0,264,0,0,0,0,0,0,0,0,0,0,0,0
05.09.2020,NO,Norway,119,11422,0,264,0,0,0,0,0,0,0,0,0,0,0,0
06.09.2020,NO,Norway,73,11495,0,264,0,0,0,0,0,0,0,0,0,0,0,0
07.09.2020,NO,Norway,60,11555,0,264,0,0,0,0,0,0,0,0,0,0,0,0
08.09.2020,NO,Norway,132,11687,0,264,0,0,0,0,0,0,0,0,0,0,0,0
09.09.2020,NO,Norway,113,11800,0,264,0,0,0,0,0,0,0,0,0,0,0,0
10.09.2020,NO,Norway,124,11924,0,264,0,0,0,0,0,0,0,0,0,0,0,0
11.09.2020,NO,Norway,132,12056,0,264,0,0,0,0,0,0,0,0,0,0,0,0
12.09.2020,NO,Norway,119,12175,1,265,0,0,0,0,0,0,0,0,0,0,0,0
13.09.2020,NO,Norway,67,12242,0,265,0,0,0,0,0,0,0,0,0,0,0,0
14.09.2020,NO,Norway,78,12320,0,265,0,0,0,0,0,0,0,0,0,0,0,0
15.09.2020,NO,Norway,104,12424,0,265,0,0,0,0,0,0,0,0,0,0,0,0
16.09.2020,NO,Norway,133,12557,0,265,0,0,0,0,0,0,0,0,0,0,0,0
17.09.2020,NO,Norway,137,12694,0,265,0,0,0,0,0,0,0,0,0,0,0,0
18.09.2020,NO,Norway,117,12811,0,265,0,0,0,0,0,0,0,0,0,0,0,0
19.09.2020,NO,Norway,94,12905,1,266,0,0,0,0,0,0,0,0,0,0,0,0
20.09.2020,NO,Norway,58,12963,1,267,0,0,0,0,0,0,0,0,0,0,0,0
21.09.2020,NO,Norway,77,13040,0,267,0,0,0,0,0,0,0,0,0,0,0,0
22.09.2020,NO,Norway,163,13203,0,267,0,0,0,0,0,0,0,0,0,0,0,0
23.09.2020,NO,Norway,101,13304,0,267,0,0,0,0,0,0,0,0,0,0,0,0
24.09.2020,NO,Norway,143,13447,0,267,0,0,0,0,0,0,0,0,0,0,0,0
25.09.2020,NO,Norway,133,13580,0,267,0,0,0,0,0,0,0,0,0,0,0,0
26.09.2020,NO,Norway,130,13710,3,270,0,0,0,0,0,0,0,0,0,0,0,0
27.09.2020,NO,Norway,63,13773,0,270,0,0,0,0,0,0,0,0,0,0,0,0
28.09.2020,NO,Norway,54,13827,0,270,0,0,0,0,0,0,0,0,0,0,0,0
29.09.2020,NO,Norway,124,13951,0,270,0,0,0,0,0,0,0,0,0,0,0,0
30.09.2020,NO,Norway,110,14061,4,274,0,0,0,0,0,0,0,0,0,0,0,0
01.10.2020,NO,Norway,120,14181,0,274,0,0,0,0,0,0,0,0,0,0,0,0
02.10.2020,NO,Norway,131,14312,0,274,0,0,0,0,0,0,0,0,0,0,0,0
03.10.2020,NO,Norway,134,14446,0,274,0,0,0,0,0,0,0,0,0,0,0,0
04.10.2020,NO,Norway,110,14556,1,275,0,0,0,0,0,0,0,0,0,0,0,0
05.10.2020,NO,Norway,89,14645,0,275,0,0,0,0,0,0,0,0,0,0,0,0
06.10.2020,NO,Norway,209,14854,0,275,0,0,0,0,0,0,0,0,0,0,0,0
07.10.2020,NO,Norway,198,15052,0,275,0,0,0,0,0,0,0,0,0,0,0,0
08.10.2020,NO,Norway,199,15251,0,275,0,0,0,0,0,0,0,0,0,0,0,0
09.10.2020,NO,Norway,168,15419,0,275,0,0,0,0,0,0,0,0,0,0,0,0
10.10.2020,NO,Norway,141,15560,0,275,0,0,0,0,0,0,0,0,0,0,0,0
11.10.2020,NO,Norway,65,15625,0,275,0,0,0,0,0,0,0,0,0,0,0,0
12.10.2020,NO,Norway,78,15703,0,275,0,0,0,0,0,0,0,0,0,0,0,0
13.10.2020,NO,Norway,167,15870,0,275,0,0,0,0,0,0,0,0,0,0,0,0
14.10.2020,NO,Norway,155,16025,1,276,0,0,0,0,0,0,0,0,0,0,0,0
15.10.2020,NO,Norway,162,16187,1,277,0,0,0,0,0,0,0,0,0,0,0,0
16.10.2020,NO,Norway,141,16328,0,277,0,0,0,0,0,0,0,0,0,0,0,0
17.10.2020,NO,Norway,137,16465,1,278,0,0,0,0,0,0,0,0,0,0,0,0
18.10.2020,NO,Norway,88,16553,0,278,0,0,0,0,0,0,0,0,0,0,0,0
19.10.2020,NO,Norway,93,16646,0,278,0,0,0,0,0,0,0,0,0,0,0,0
20.10.2020,NO,Norway,219,16865,0,278,0,0,0,0,0,0,0,0,0,0,0,0
21.10.2020,NO,Norway,183,17048,0,278,0,0,0,0,0,0,0,0,0,0,0,0
22.10.2020,NO,Norway,221,17269,0,278,0,0,0,0,0,0,0,0,0,0,0,0
23.10.2020,NO,Norway,285,17554,1,279,0,0,0,0,0,0,0,0,0,0,0,0
24.10.2020,NO,Norway,368,17922,0,279,0,0,0,0,0,0,0,0,0,0,0,0
25.10.2020,NO,Norway,231,18153,0,279,0,0,0,0,0,0,0,0,0,0,0,0
26.10.2020,NO,Norway,202,18355,0,279,0,0,0,0,0,0,0,0,0,0,0,0
27.10.2020,NO,Norway,487,18842,0,279,0,0,0,0,0,0,0,0,0,0,0,0
28.10.2020,NO,Norway,391,19233,0,279,0,0,0,0,0,0,0,0,0,0,0,0
29.10.2020,NO,Norway,515,19748,1,280,0,0,0,0,0,0,0,0,0,0,0,0
30.10.2020,NO,Norway,431,20179,0,280,0,0,0,0,0,0,0,0,0,0,0,0
31.10.2020,NO,Norway,617,20796,1,281,0,0,0,0,0,0,0,0,0,0,0,0
01.11.2020,NO,Norway,385,21181,1,282,0,0,0,0,0,0,0,0,0,0,0,0
02.11.2020,NO,Norway,323,21504,0,282,0,0,0,0,0,0,0,0,0,0,0,0
03.11.2020,NO,Norway,647,22151,0,282,0,0,0,0,0,0,0,0,0,0,0,0
04.11.2020,NO,Norway,683,22834,0,282,0,0,0,0,0,0,0,0,0,0,0,0
05.11.2020,NO,Norway,690,23524,0,282,0,0,0,0,0,0,0,0,0,0,0,0
06.11.2020,NO,Norway,602,24126,0,282,0,0,0,0,0,0,0,0,0,0,0,0
07.11.2020,NO,Norway,650,24776,2,284,0,0,0,0,0,0,0,0,0,0,0,0
08.11.2020,NO,Norway,388,25164,1,285,0,0,0,0,0,0,0,0,0,0,0,0
09.11.2020,NO,Norway,385,25549,0,285,0,0,0,0,0,0,0,0,0,0,0,0
10.11.2020,NO,Norway,707,26256,0,285,0,0,0,0,0,0,0,0,0,0,0,0
11.11.2020,NO,Norway,603,26859,0,285,0,0,0,0,0,0,0,0,0,0,0,0
12.11.2020,NO,Norway,662,27521,0,285,0,0,0,0,0,0,0,0,0,0,0,0
13.11.2020,NO,Norway,637,28158,0,285,0,0,0,0,0,0,0,0,0,0,0,0
14.11.2020,NO,Norway,697,28855,6,291,0,0,0,0,0,0,0,0,0,0,0,0
15.11.2020,NO,Norway,379,29234,3,294,0,0,0,0,0,0,0,0,0,0,0,0
16.11.2020,NO,Norway,405,29639,0,294,0,0,0,0,0,0,0,0,0,0,0,0
17.11.2020,NO,Norway,722,30361,0,294,0,0,0,0,0,0,0,0,0,0,0,0
18.11.2020,NO,Norway,635,30996,0,294,0,0,0,0,0,0,0,0,0,0,0,0
19.11.2020,NO,Norway,652,31648,4,298,0,0,0,0,0,0,0,0,0,0,0,0
20.11.2020,NO,Norway,564,32212,1,299,0,0,0,0,0,0,0,0,0,0,0,0
21.11.2020,NO,Norway,519,32731,6,305,0,0,0,0,0,0,0,0,0,0,0,0
22.11.2020,NO,Norway,288,33019,1,306,0,0,0,0,0,0,0,0,0,0,0,0
23.11.2020,NO,Norway,279,33298,0,306,0,0,0,0,0,0,0,0,0,0,0,0
24.11.2020,NO,Norway,610,33908,0,306,0,0,0,0,0,0,0,0,0,0,0,0
25.11.2020,NO,Norway,415,34323,5,311,0,0,0,0,0,0,0,0,0,0,0,0
26.11.2020,NO,Norway,513,34836,3,314,0,0,0,0,0,0,0,0,0,0,0,0
27.11.2020,NO,Norway,477,35313,2,316,0,0,0,0,0,0,0,0,0,0,0,0
28.11.2020,NO,Norway,447,35760,0,316,0,0,0,0,0,0,0,0,0,0,0,0
29.11.2020,NO,Norway,236,35996,12,328,0,0,0,0,0,0,0,0,0,0,0,0
30.11.2020,NO,Norway,228,36224,0,328,0,0,0,0,0,0,0,0,0,0,0,0
01.12.2020,NO,Norway,448,36672,0,328,0,0,0,0,0,0,0,0,0,0,0,0
02.12.2020,NO,Norway,362,37034,4,332,0,0,0,0,0,0,0,0,0,0,0,0
03.12.2020,NO,Norway,420,37454,2,334,0,0,0,0,0,0,0,0,0,0,0,0
04.12.2020,NO,Norway,400,37854,17,351,0,0,0,0,0,0,0,0,0,0,0,0
05.12.2020,NO,Norway,382,38236,2,353,0,0,0,0,0,0,0,0,0,0,0,0
06.12.2020,NO,Norway,252,38488,1,354,0,0,0,0,0,0,0,0,0,0,0,0
07.12.2020,NO,Norway,262,38750,0,354,0,0,0,0,0,0,0,0,0,0,0,0
08.12.2020,NO,Norway,500,39250,0,354,5,5,0,0,1,0,0,0,0,0,1,0
09.12.2020,NO,Norway,392,39642,5,359,6,6,0,0,1,0,0,0,0,0,1,0
10.12.2020,NO,Norway,453,40095,2,361,7,7,0,0,1,0,0,0,0,0,1,0
11.12.2020,NO,Norway,436,40531,0,361,11,11,0,0,2,0,0,0,0,0,2,0
12.12.2020,NO,Norway,403,40934,21,382,11,11,0,0,2,0,0,0,0,0,2,0
13.12.2020,NO,Norway,256,41190,5,387,11,11,0,0,2,0,0,0,0,0,2,0
14.12.2020,NO,Norway,285,41475,0,387,11,11,0,0,2,0,0,0,0,0,2,0
15.12.2020,NO,Norway,544,42019,0,387,13,13,0,0,1,0,0,0,0,0,1,0
16.12.2020,NO,Norway,440,42459,6,393,18,18,0,0,2,0,0,0,0,0,2,0
17.12.2020,NO,Norway,450,42909,2,395,27,27,0,0,3,0,0,0,0,1,3,0
18.12.2020,NO,Norway,431,43340,7,402,42,42,0,0,4,0,0,0,0,1,4,0
19.12.2020,NO,Norway,475,43815,2,404,47,47,0,0,5,0,0,0,0,1,5,0
20.12.2020,NO,Norway,309,44124,0,404,54,54,0,0,6,0,0,0,0,1,6,0
21.12.2020,NO,Norway,299,44423,0,404,67,67,0,0,8,0,0,0,0,1,8,0
22.12.2020,NO,Norway,621,45044,0,404,82,82,0,0,10,0,0,0,0,2,10,0
23.12.2020,NO,Norway,560,45604,1,405,99,99,0,0,12,0,0,0,0,2,12,0
24.12.2020,NO,Norway,587,46191,0,405,111,111,0,0,12,0,0,0,0,2,12,0
25.12.2020,NO,Norway,292,46483,16,421,111,111,0,0,10,0,0,0,0,2,10,0
26.12.2020,NO,Norway,293,46776,0,421,119,119,0,0,10,0,0,0,0,2,10,0
27.12.2020,NO,Norway,466,47242,0,421,136,136,0,0,12,0,0,0,0,2,12,0
28.12.2020,NO,Norway,425,47667,0,421,762,762,0,0,99,0.01,0.01,0,0,18,99,0.002
29.12.2020,NO,Norway,778,48445,0,421,1854,1854,0,0,253,0.03,0.03,0,0,46,253,0.005
30.12.2020,NO,Norway,699,49144,8,429,2323,2323,0,0,318,0.04,0.04,0,0,58,318,0.006
31.12.2020,NO,Norway,639,49783,4,433,2414,2414,0,0,329,0.04,0.04,0,0,60,329,0.006
01.01.2021,NO,Norway,434,50217,3,436,2440,2440,0,0,333,0.04,0.04,0,0,61,333,0.006
02.01.2021,NO,Norway,346,50563,0,436,2457,2457,0,0,334,0.04,0.04,0,0,61,334,0.006
03.01.2021,NO,Norway,526,51089,0,436,2498,2498,0,0,337,0.05,0.05,0,0,62,337,0.006
04.01.2021,NO,Norway,447,51536,0,436,2536,2536,0,0,253,0.05,0.05,0,0,46,253,0.005
05.01.2021,NO,Norway,938,52474,0,436,5978,5978,0,0,589,0.11,0.11,0,0,108,589,0.011
06.01.2021,NO,Norway,795,53269,13,449,15144,15132,12,0,1832,0.28,0.28,0,0,335,1830,0.033
07.01.2021,NO,Norway,710,53979,3,452,21765,21751,14,0,2764,0.4,0.4,0,0,506,2762,0.051
08.01.2021,NO,Norway,739,54718,14,466,23436,23412,24,0,2999,0.43,0.43,0,0,549,2996,0.055
09.01.2021,NO,Norway,651,55369,1,467,23610,23584,26,0,3022,0.43,0.43,0,0,553,3018,0.055
10.01.2021,NO,Norway,414,55783,4,471,23753,23721,32,0,3036,0.43,0.43,0,0,555,3032,0.055
11.01.2021,NO,Norway,435,56218,0,471,24254,24212,42,0,3103,0.44,0.44,0,0,568,3097,0.057
12.01.2021,NO,Norway,639,56857,7,478,28624,28573,51,0,3235,0.52,0.52,0,0,592,3228,0.059
13.01.2021,NO,Norway,563,57420,4,482,38585,38524,61,0,3349,0.71,0.7,0,0,613,3342,0.061
14.01.2021,NO,Norway,462,57882,27,509,47182,47111,71,0,3631,0.86,0.86,0,0,664,3623,0.066
15.01.2021,NO,Norway,454,58336,2,511,51805,51731,74,0,4053,0.95,0.95,0,0,742,4046,0.074
16.01.2021,NO,Norway,398,58734,6,517,52653,52575,78,0,4149,0.96,0.96,0,0,759,4142,0.076
17.01.2021,NO,Norway,267,59001,0,517,53050,52964,86,0,4185,0.97,0.97,0,0,766,4178,0.076
18.01.2021,NO,Norway,226,59227,0,517,54689,54293,396,0,4348,1,0.99,0.01,0,796,4297,0.079
19.01.2021,NO,Norway,446,59673,0,517,60180,58948,1232,0,4508,1.1,1.08,0.02,0,825,4339,0.079
20.01.2021,NO,Norway,342,60015,4,521,71049,69107,1942,0,4638,1.3,1.26,0.04,0,849,4369,0.08
21.01.2021,NO,Norway,355,60370,4,525,79828,77706,2122,0,4664,1.46,1.42,0.04,0,853,4371,0.08
22.01.2021,NO,Norway,346,60716,18,543,83291,81149,2142,0,4498,1.52,1.48,0.04,0,823,4203,0.077
23.01.2021,NO,Norway,331,61047,1,544,83717,81565,2152,0,4438,1.53,1.49,0.04,0,812,4141,0.076
24.01.2021,NO,Norway,212,61259,0,544,83822,81659,2163,0,4396,1.53,1.49,0.04,0,804,4099,0.075
25.01.2021,NO,Norway,189,61448,0,544,84451,82268,2183,0,4252,1.55,1.51,0.04,0,778,3996,0.073
26.01.2021,NO,Norway,387,61835,0,544,89228,84635,4593,0,4150,1.63,1.55,0.08,0,759,3670,0.067
27.01.2021,NO,Norway,276,62111,4,548,108766,96321,12445,0,5388,1.99,1.76,0.23,0,986,3888,0.071
28.01.2021,NO,Norway,344,62455,2,550,126499,107354,19145,0,6667,2.31,1.96,0.35,0,1220,4235,0.077
29.01.2021,NO,Norway,285,62740,6,556,132566,111275,21291,0,7039,2.43,2.04,0.39,0,1288,4304,0.079
30.01.2021,NO,Norway,295,63035,1,557,132995,111479,21516,0,7040,2.43,2.04,0.39,0,1288,4273,0.078
31.01.2021,NO,Norway,175,63210,6,563,133247,111661,21586,0,7061,2.44,2.04,0.39,0,1292,4286,0.078
01.02.2021,NO,Norway,183,63393,0,563,133869,111919,21950,0,7060,2.45,2.05,0.4,0,1292,4236,0.078
02.02.2021,NO,Norway,319,63712,0,563,143661,118353,25308,0,7776,2.63,2.17,0.46,0,1423,4817,0.088
03.02.2021,NO,Norway,294,64006,4,567,177908,143749,34159,0,9877,3.26,2.63,0.62,0,1807,6775,0.124
04.02.2021,NO,Norway,325,64331,1,568,213113,170011,43102,0,12373,3.9,3.11,0.79,0,2264,8951,0.164
05.02.2021,NO,Norway,253,64584,6,574,229031,180861,48170,0,13781,4.19,3.31,0.88,0,2521,9941,0.182
06.02.2021,NO,Norway,288,64872,8,582,230681,181725,48956,0,13955,4.22,3.32,0.9,0,2553,10035,0.184
07.02.2021,NO,Norway,198,65070,0,582,231376,182075,49301,0,14018,4.23,3.33,0.9,0,2565,10059,0.184
08.02.2021,NO,Norway,167,65237,0,582,232485,182212,50273,0,14088,4.25,3.33,0.92,0,2578,10042,0.184
09.02.2021,NO,Norway,301,65538,0,582,241615,187896,53719,0,13993,4.42,3.44,0.98,0,2560,9935,0.182
10.02.2021,NO,Norway,270,65808,0,582,273988,211140,62848,0,13726,5.01,3.86,1.15,0,2511,9627,0.176
11.02.2021,NO,Norway,310,66118,1,583,304126,232344,71782,0,13002,5.56,4.25,1.31,0,2379,8905,0.163
12.02.2021,NO,Norway,262,66380,9,592,316108,240563,75545,0,12440,5.78,4.4,1.38,0,2276,8529,0.156
13.02.2021,NO,Norway,247,66627,0,592,317418,241523,75895,0,12391,5.81,4.42,1.39,0,2267,8543,0.156
14.02.2021,NO,Norway,185,66812,0,592,317580,241668,75912,0,12315,5.81,4.42,1.39,0,2253,8513,0.156
15.02.2021,NO,Norway,160,66972,0,592,319250,242548,76702,0,12395,5.84,4.44,1.4,0,2268,8619,0.158
16.02.2021,NO,Norway,332,67304,0,592,327797,248775,79022,0,12312,6,4.55,1.45,0,2253,8697,0.159
17.02.2021,NO,Norway,305,67609,1,593,360537,270725,89812,0,12364,6.6,4.95,1.64,0,2262,8512,0.156
18.02.2021,NO,Norway,320,67929,0,593,390877,289853,101024,0,12393,7.15,5.3,1.85,0,2267,8216,0.15
19.02.2021,NO,Norway,302,68231,14,607,406716,300725,105991,0,12944,7.44,5.5,1.94,0,2368,8595,0.157
20.02.2021,NO,Norway,338,68569,0,607,407512,301293,106219,0,12871,7.46,5.51,1.94,0,2355,8539,0.156
21.02.2021,NO,Norway,216,68785,0,607,407783,301390,106393,0,12886,7.46,5.51,1.95,0,2358,8532,0.156
22.02.2021,NO,Norway,221,69006,0,607,410614,304027,106587,0,13052,7.51,5.56,1.95,0,2388,8783,0.161
23.02.2021,NO,Norway,411,69417,0,607,422150,310111,112039,0,13479,7.72,5.67,2.05,0,2466,8762,0.16
24.02.2021,NO,Norway,445,69862,1,608,456668,321338,135330,0,13733,8.36,5.88,2.48,0,2513,7230,0.132
25.02.2021,NO,Norway,461,70323,0,608,494792,332600,162192,0,14845,9.05,6.09,2.97,0,2716,6107,0.112
26.02.2021,NO,Norway,527,70850,12,620,513567,341073,172494,0,15264,9.4,6.24,3.16,0,2793,5764,0.105
27.02.2021,NO,Norway,493,71343,0,620,514372,341580,172792,0,15266,9.41,6.25,3.16,0,2793,5755,0.105
28.02.2021,NO,Norway,381,71724,2,622,515117,342141,172976,0,15333,9.42,6.26,3.16,0,2805,5822,0.107
01.03.2021,NO,Norway,392,72116,0,622,521333,348250,173083,0,15817,9.54,6.37,3.17,0,2894,6318,0.116
02.03.2021,NO,Norway,552,72668,0,622,536143,359048,177095,0,16285,9.81,6.57,3.24,0,2980,6991,0.128
03.03.2021,NO,Norway,639,73307,1,623,573118,377169,195949,0,16636,10.49,6.9,3.59,0,3044,7976,0.146
04.03.2021,NO,Norway,658,73965,0,623,608674,393632,215042,0,16269,11.14,7.2,3.93,0,2977,8719,0.16
05.03.2021,NO,Norway,601,74566,9,632,627638,405752,221886,0,16296,11.48,7.42,4.06,0,2982,9240,0.169
06.03.2021,NO,Norway,703,75269,0,632,628682,406263,222419,0,16330,11.5,7.43,4.07,0,2988,9240,0.169
07.03.2021,NO,Norway,465,75734,0,632,628895,406454,222441,0,16254,11.51,7.44,4.07,0,2974,9188,0.168
08.03.2021,NO,Norway,572,76306,0,632,634163,411644,222519,0,16119,11.6,7.53,4.07,0,2949,9056,0.166
09.03.2021,NO,Norway,846,77152,0,632,651474,424534,226940,0,16476,11.92,7.77,4.15,0,3014,9355,0.171
10.03.2021,NO,Norway,798,77950,0,632,690932,446051,244881,0,16831,12.64,8.16,4.48,0,3079,9840,0.18
11.03.2021,NO,Norway,856,78806,0,632,720486,458180,262306,0,15973,13.18,8.38,4.8,0,2922,9221,0.169
12.03.2021,NO,Norway,780,79586,6,638,731604,460651,270953,0,14852,13.39,8.43,4.96,0,2717,7843,0.143
13.03.2021,NO,Norway,950,80536,1,639,732119,460816,271303,0,14777,13.39,8.43,4.96,0,2704,7793,0.143
14.03.2021,NO,Norway,737,81273,0,639,732340,460894,271446,0,14778,13.4,8.43,4.97,0,2704,7777,0.142
15.03.2021,NO,Norway,698,81971,0,639,733024,461098,271926,0,14123,13.41,8.44,4.98,0,2584,7065,0.129
16.03.2021,NO,Norway,1107,83078,0,639,739796,467075,272721,0,12617,13.54,8.55,4.99,0,2308,6077,0.111
17.03.2021,NO,Norway,1008,84086,1,640,765392,490702,274690,0,10637,14,8.98,5.03,0,1946,6379,0.117
18.03.2021,NO,Norway,1058,85144,1,641,788501,512171,276330,0,9716,14.43,9.37,5.06,0,1778,7713,0.141
19.03.2021,NO,Norway,1044,86188,7,648,796669,519247,277422,0,9295,14.58,9.5,5.08,0,1701,8371,0.153
20.03.2021,NO,Norway,1001,87189,0,648,797360,519883,277477,0,9320,14.59,9.51,5.08,0,1705,8438,0.154
21.03.2021,NO,Norway,709,87898,0,648,797732,520170,277562,0,9342,14.6,9.52,5.08,0,1709,8468,0.155
22.03.2021,NO,Norway,649,88547,0,648,799555,521867,277688,0,9504,14.63,9.55,5.08,0,1739,8681,0.159
23.03.2021,NO,Norway,1107,89654,0,648,814091,535323,278768,0,10614,14.89,9.79,5.1,0,1942,9750,0.178
24.03.2021,NO,Norway,967,90621,1,649,857839,575073,282766,0,13207,15.7,10.52,5.17,0,2416,12053,0.221
25.03.2021,NO,Norway,1001,91622,0,649,899825,614396,285429,0,15903,16.46,11.24,5.22,0,2910,14604,0.267
26.03.2021,NO,Norway,871,92493,7,656,918817,632096,286721,0,17450,16.81,11.56,5.25,0,3193,16121,0.295
27.03.2021,NO,Norway,895,93388,0,656,919749,632979,286770,0,17484,16.83,11.58,5.25,0,3199,16157,0.296
28.03.2021,NO,Norway,602,93990,0,656,920211,633403,286808,0,17497,16.84,11.59,5.25,0,3201,16176,0.296
29.03.2021,NO,Norway,477,94467,0,656,925361,638373,286988,0,17972,16.93,11.68,5.25,0,3288,16644,0.305
30.03.2021,NO,Norway,865,95332,0,656,962716,671186,291525,5,21232,17.61,12.28,5.33,0,3885,19409,0.355
31.03.2021,NO,Norway,849,96181,4,660,1008234,708678,299550,6,21485,18.45,12.97,5.48,0,3931,19086,0.349
01.04.2021,NO,Norway,805,96986,1,661,1019617,718458,301153,6,17113,18.66,13.15,5.51,0,3131,14866,0.272
02.04.2021,NO,Norway,624,97610,12,673,1024946,722992,301948,6,15161,18.75,13.23,5.52,0,2774,12985,0.238
03.04.2021,NO,Norway,699,98309,0,673,1025403,723384,302013,6,15093,18.76,13.24,5.53,0,2761,12915,0.236
04.04.2021,NO,Norway,612,98921,0,673,1025947,723857,302084,6,15105,18.77,13.24,5.53,0,2764,12922,0.236
05.04.2021,NO,Norway,653,99574,0,673,1027666,725416,302244,6,14615,18.8,13.27,5.53,0,2674,12435,0.228
06.04.2021,NO,Norway,715,100289,0,673,1049569,744545,305018,6,12408,19.2,13.62,5.58,0,2270,10480,0.192
07.04.2021,NO,Norway,888,101177,3,676,1113074,804184,308882,8,14977,20.36,14.71,5.65,0,2740,13644,0.25
08.04.2021,NO,Norway,848,102025,1,677,1175682,862378,313295,9,22295,21.51,15.78,5.73,0,4079,20560,0.376
09.04.2021,NO,Norway,770,102795,6,683,1204343,890256,314077,10,25628,22.03,16.29,5.75,0,4689,23895,0.437
10.04.2021,NO,Norway,712,103507,1,684,1205702,891500,314192,10,25757,22.06,16.31,5.75,0,4713,24017,0.439
11.04.2021,NO,Norway,496,104003,0,684,1206430,892156,314264,10,25783,22.07,16.32,5.75,0,4717,24043,0.44
12.04.2021,NO,Norway,396,104399,0,684,1210510,896055,314443,12,26121,22.15,16.39,5.75,0,4779,24377,0.446
13.04.2021,NO,Norway,738,105137,0,684,1237067,922086,314969,12,26785,22.63,16.87,5.76,0,4901,25363,0.464
14.04.2021,NO,Norway,595,105732,3,687,1306860,990268,316578,14,27684,23.91,18.12,5.79,0,5065,26583,0.486
15.04.2021,NO,Norway,601,106333,1,688,1374378,1056393,317967,18,28385,25.15,19.33,5.82,0,5193,27716,0.507
16.04.2021,NO,Norway,549,106882,18,706,1404804,1085820,318966,18,28637,25.7,19.87,5.84,0,5239,27938,0.511
17.04.2021,NO,Norway,579,107461,1,707,1407187,1087968,319201,18,28784,25.75,19.91,5.84,0,5266,28067,0.514
18.04.2021,NO,Norway,331,107792,1,708,1408633,1089349,319266,18,28886,25.77,19.93,5.84,0,5285,28170,0.515
19.04.2021,NO,Norway,346,108138,0,708,1415552,1095984,319550,18,29292,25.9,20.05,5.85,0,5359,28561,0.523
20.04.2021,NO,Norway,575,108713,0,708,1436504,1115946,320539,19,28491,26.28,20.42,5.86,0,5213,27694,0.507
21.04.2021,NO,Norway,532,109245,1,709,1499559,1175840,323699,20,27528,27.44,21.51,5.92,0,5037,26510,0.485
22.04.2021,NO,Norway,538,109783,0,709,1553883,1227488,326375,20,25644,28.43,22.46,5.97,0,4692,24442,0.447
23.04.2021,NO,Norway,463,110246,25,734,1574063,1246159,327883,21,24180,28.8,22.8,6,0,4424,22906,0.419
24.04.2021,NO,Norway,510,110756,1,735,1574717,1246671,328025,21,23933,28.81,22.81,6,0,4379,22672,0.415
25.04.2021,NO,Norway,287,111043,1,736,1575148,1247040,328087,21,23788,28.82,22.82,6,0,4352,22527,0.412
26.04.2021,NO,Norway,317,111360,0,736,1578274,1249519,328733,22,23246,28.88,22.86,6.01,0,4253,21934,0.401
27.04.2021,NO,Norway,502,111862,0,736,1604213,1269219,334970,24,23958,29.35,23.22,6.13,0,4383,21896,0.401
28.04.2021,NO,Norway,481,112343,1,737,1688624,1328373,360223,28,27009,30.9,24.3,6.59,0,4942,21790,0.399
29.04.2021,NO,Norway,419,112762,0,737,1764638,1382972,381638,28,30108,32.29,25.3,6.98,0,5509,22212,0.406
30.04.2021,NO,Norway,414,113176,16,753,1798900,1408801,390071,28,32120,32.91,25.78,7.14,0,5877,23235,0.425
01.05.2021,NO,Norway,441,113617,1,754,1800918,1410411,390478,29,32314,32.95,25.81,7.14,0,5912,23391,0.428
02.05.2021,NO,Norway,251,113868,2,756,1802353,1411519,390805,29,32458,32.98,25.83,7.15,0,5939,23497,0.43
03.05.2021,NO,Norway,296,114164,0,756,1807132,1414738,392364,30,32694,33.06,25.88,7.18,0,5982,23603,0.432
04.05.2021,NO,Norway,511,114675,0,756,1829918,1425120,404767,31,32244,33.48,26.07,7.41,0,5899,22272,0.407
05.05.2021,NO,Norway,463,115138,1,757,1910038,1466058,443942,38,31631,34.95,26.82,8.12,0,5787,19669,0.36
06.05.2021,NO,Norway,495,115633,0,757,1981750,1501354,480353,43,31016,36.26,27.47,8.79,0,5675,16912,0.309
07.05.2021,NO,Norway,509,116142,10,767,2013807,1516915,496846,46,30701,36.84,27.75,9.09,0,5617,15445,0.283
08.05.2021,NO,Norway,438,116580,0,767,2015127,1517554,497527,46,30601,36.87,27.77,9.1,0,5599,15306,0.28
09.05.2021,NO,Norway,352,116932,0,767,2015870,1517877,497947,46,30502,36.88,27.77,9.11,0,5581,15194,0.278
10.05.2021,NO,Norway,352,117284,0,767,2024998,1520379,504572,47,31124,37.05,27.82,9.23,0,5694,15092,0.276
11.05.2021,NO,Norway,524,117808,0,767,2075125,1538522,536551,52,35030,37.97,28.15,9.82,0,6409,16200,0.296
12.05.2021,NO,Norway,427,118235,0,767,2171514,1580947,590499,68,37354,39.73,28.93,10.8,0,6834,16413,0.3
13.05.2021,NO,Norway,380,118615,1,768,2193332,1593871,599392,69,30226,40.13,29.16,10.97,0,5530,13217,0.242
14.05.2021,NO,Norway,298,118913,6,774,2213138,1605172,607896,70,28476,40.49,29.37,11.12,0,5210,12608,0.231
15.05.2021,NO,Norway,415,119328,0,774,2216077,1607259,608748,70,28707,40.55,29.41,11.14,0,5252,12815,0.234
16.05.2021,NO,Norway,240,119568,0,774,2218532,1608609,609853,70,28952,40.59,29.43,11.16,0,5297,12962,0.237
17.05.2021,NO,Norway,280,119848,0,774,2219336,1608924,610342,70,27763,40.61,29.44,11.17,0,5080,12649,0.231
18.05.2021,NO,Norway,183,120031,0,774,2248000,1613584,634344,72,24696,41.13,29.52,11.61,0,4518,10723,0.196
19.05.2021,NO,Norway,542,120573,0,774,2329215,1621863,707271,81,22529,42.62,29.67,12.94,0,4122,5845,0.107
20.05.2021,NO,Norway,541,121114,0,774,2407352,1630710,776554,88,30574,44.05,29.84,14.21,0,5594,5263,0.096
21.05.2021,NO,Norway,603,121717,7,781,2443966,1635855,808011,100,32975,44.72,29.93,14.78,0,6033,4383,0.08
22.05.2021,NO,Norway,668,122385,0,781,2446495,1637277,809117,101,32917,44.76,29.96,14.8,0,6023,4288,0.078
23.05.2021,NO,Norway,352,122737,0,781,2447844,1638179,809563,102,32759,44.79,29.97,14.81,0,5994,4224,0.077
24.05.2021,NO,Norway,338,123075,0,781,2451414,1639119,812192,103,33154,44.85,29.99,14.86,0,6066,4314,0.079
25.05.2021,NO,Norway,383,123458,0,781,2485016,1643308,841602,106,33859,45.47,30.07,15.4,0,6195,4246,0.078
26.05.2021,NO,Norway,428,123886,1,782,2579403,1653093,926196,114,35741,47.19,30.25,16.95,0,6539,4461,0.082
27.05.2021,NO,Norway,363,124249,0,782,2663568,1662694,1000745,129,36602,48.73,30.42,18.31,0,6697,4569,0.084
28.05.2021,NO,Norway,384,124633,1,783,2701021,1667849,1033037,135,36722,49.42,30.52,18.9,0,6719,4571,0.084
29.05.2021,NO,Norway,347,124980,0,783,2703966,1668606,1035224,136,36782,49.47,30.53,18.94,0,6730,4476,0.082
30.05.2021,NO,Norway,199,125179,0,783,2705834,1668819,1036878,137,36856,49.51,30.53,18.97,0,6743,4377,0.08
31.05.2021,NO,Norway,185,125364,0,783,2715840,1672108,1043593,139,37775,49.69,30.59,19.09,0,6911,4713,0.086
01.06.2021,NO,Norway,344,125708,0,783,2758244,1691147,1066954,143,39033,50.47,30.94,19.52,0,7142,6834,0.125
02.06.2021,NO,Norway,387,126095,0,783,2882413,1744521,1137738,154,43287,52.74,31.92,20.82,0,7920,13061,0.239
03.06.2021,NO,Norway,293,126388,0,783,2996912,1800013,1196740,159,47621,54.83,32.93,21.9,0,8713,19617,0.359
04.06.2021,NO,Norway,282,126670,1,784,3048642,1831823,1216655,164,49660,55.78,33.52,22.26,0,9086,23425,0.429
05.06.2021,NO,Norway,262,126932,0,784,3053284,1835680,1217440,164,49903,55.86,33.59,22.27,0,9130,23868,0.437
06.06.2021,NO,Norway,145,127077,0,784,3056831,1838840,1217826,165,50142,55.93,33.64,22.28,0,9174,24289,0.444
07.06.2021,NO,Norway,151,127228,0,784,3075691,1854723,1220801,167,51407,56.27,33.93,22.34,0,9406,26088,0.477
08.06.2021,NO,Norway,203,127431,0,784,3122777,1882220,1240383,174,52076,57.13,34.44,22.69,0,9528,27296,0.499
09.06.2021,NO,Norway,213,127644,0,784,3224246,1922671,1301395,180,48833,58.99,35.18,23.81,0,8935,25450,0.466
10.06.2021,NO,Norway,207,127851,1,785,3320197,1962851,1357161,185,46184,60.75,35.91,24.83,0,8450,23263,0.426
11.06.2021,NO,Norway,202,128053,4,789,3363224,1984727,1378308,189,44940,61.53,36.31,25.22,0,8222,21843,0.4
12.06.2021,NO,Norway,155,128208,0,789,3367414,1988003,1379219,192,44876,61.61,36.37,25.23,0,8211,21760,0.398
13.06.2021,NO,Norway,129,128337,0,789,3370489,1990366,1379931,192,44808,61.67,36.42,25.25,0,8198,21647,0.396
14.06.2021,NO,Norway,111,128448,0,789,3392932,2010155,1382585,192,45320,62.08,36.78,25.3,0,8292,22205,0.406
15.06.2021,NO,Norway,208,128656,0,789,3433048,2039551,1393300,197,44324,62.81,37.32,25.49,0,8110,22476,0.411
16.06.2021,NO,Norway,195,128851,0,789,3539593,2104667,1434717,209,45050,64.76,38.51,26.25,0,8242,25999,0.476
17.06.2021,NO,Norway,215,129066,0,789,3632429,2164604,1467599,226,44605,66.46,39.6,26.85,0,8161,28822,0.527
18.06.2021,NO,Norway,197,129263,1,790,3677098,2196793,1480074,231,44839,67.28,40.19,27.08,0,8204,30295,0.554
19.06.2021,NO,Norway,171,129434,0,790,3684358,2203308,1480819,231,45278,67.41,40.31,27.09,0,8284,30758,0.563
20.06.2021,NO,Norway,153,129587,0,790,3689018,2207820,1480966,232,45504,67.49,40.39,27.1,0,8325,31065,0.568
21.06.2021,NO,Norway,115,129702,0,790,3709864,2225807,1483822,235,45276,67.88,40.72,27.15,0,8284,30807,0.564
22.06.2021,NO,Norway,205,129907,0,790,3760735,2263299,1497196,240,46812,68.81,41.41,27.39,0,8565,31964,0.585
23.06.2021,NO,Norway,266,130173,0,790,3871841,2341961,1529622,258,47464,70.84,42.85,27.99,0,8684,33899,0.62
24.06.2021,NO,Norway,239,130412,0,790,3985375,2433488,1551625,262,50421,72.92,44.52,28.39,0,9225,38412,0.703
25.06.2021,NO,Norway,174,130586,2,792,4039963,2478513,1561186,264,51838,73.92,45.35,28.56,0,9484,40246,0.736
26.06.2021,NO,Norway,175,130761,0,792,4050505,2487337,1562904,264,52307,74.11,45.51,28.6,0,9570,40576,0.742
27.06.2021,NO,Norway,106,130867,0,792,4056418,2491963,1564190,265,52486,74.22,45.59,28.62,0,9603,40592,0.743
28.06.2021,NO,Norway,106,130973,0,792,4090188,2524415,1565505,268,54332,74.83,46.19,28.64,0,9941,42658,0.78
29.06.2021,NO,Norway,226,131199,0,792,4141964,2572751,1568939,274,54461,75.78,47.07,28.71,0.01,9964,44207,0.809
30.06.2021,NO,Norway,213,131412,0,792,4254485,2678478,1575725,282,54663,77.84,49.01,28.83,0.01,10001,48074,0.88
01.07.2021,NO,Norway,261,131673,2,794,4365435,2781369,1583774,292,54294,79.87,50.89,28.98,0.01,9934,49697,0.909
02.07.2021,NO,Norway,197,131870,0,794,4420190,2832803,1587089,298,54318,80.87,51.83,29.04,0.01,9938,50613,0.926
03.07.2021,NO,Norway,186,132056,0,794,4430147,2842134,1587715,298,54235,81.05,52,29.05,0.01,9923,50685,0.927
04.07.2021,NO,Norway,99,132155,0,794,4436770,2848226,1588244,300,54336,81.18,52.11,29.06,0.01,9941,50895,0.931
05.07.2021,NO,Norway,123,132278,0,794,4464442,2875095,1588964,383,53465,81.68,52.6,29.07,0.01,9782,50097,0.917
06.07.2021,NO,Norway,207,132485,0,794,4510143,2917204,1592454,485,52597,82.52,53.37,29.14,0.01,9623,49208,0.9
07.07.2021,NO,Norway,200,132685,0,794,4596500,2994620,1601310,570,48859,84.1,54.79,29.3,0.01,8939,45163,0.826
08.07.2021,NO,Norway,204,132889,2,796,4675136,3064061,1610397,678,44243,85.54,56.06,29.46,0.01,8095,40385,0.739
09.07.2021,NO,Norway,183,133072,0,796,4705768,3091194,1613892,682,40797,86.1,56.56,29.53,0.01,7464,36913,0.675
10.07.2021,NO,Norway,175,133247,0,796,4710331,3095409,1614239,683,40026,86.18,56.63,29.53,0.01,7323,36182,0.662
11.07.2021,NO,Norway,108,133355,0,796,4713550,3098428,1614439,683,39540,86.24,56.69,29.54,0.01,7234,35743,0.654
12.07.2021,NO,Norway,101,133456,0,796,4728897,3111736,1616475,686,37779,86.52,56.93,29.58,0.01,6912,33806,0.619
13.07.2021,NO,Norway,187,133643,0,796,4761865,3135537,1625638,690,35960,87.12,57.37,29.74,0.01,6579,31190,0.571
14.07.2021,NO,Norway,146,133789,0,796,4839929,3184156,1655075,698,34776,88.55,58.26,30.28,0.01,6363,27077,0.495
15.07.2021,NO,Norway,183,133972,0,796,4912654,3227314,1684620,720,33931,89.88,59.05,30.82,0.01,6208,23322,0.427
16.07.2021,NO,Norway,187,134159,0,796,4939268,3243811,1694730,727,33357,90.37,59.35,31.01,0.01,6103,21802,0.399
17.07.2021,NO,Norway,226,134385,0,796,4940406,3244334,1695344,728,32868,90.39,59.36,31.02,0.01,6014,21275,0.389
18.07.2021,NO,Norway,111,134496,0,796,4941014,3244651,1695634,729,32495,90.4,59.36,31.02,0.01,5945,20889,0.382
19.07.2021,NO,Norway,144,134640,0,796,4953452,3253727,1698989,736,32079,90.63,59.53,31.08,0.01,5869,20284,0.371
20.07.2021,NO,Norway,229,134869,0,796,4983896,3275443,1707713,740,31719,91.19,59.93,31.24,0.01,5803,19987,0.366
21.07.2021,NO,Norway,173,135042,0,796,5069454,3340974,1727729,751,32789,92.75,61.13,31.61,0.01,5999,22403,0.41
22.07.2021,NO,Norway,260,135302,3,799,5159916,3409100,1750062,754,35323,94.41,62.37,32.02,0.01,6463,25969,0.475
23.07.2021,NO,Norway,215,135517,0,799,5189263,3430878,1757621,764,35714,94.94,62.77,32.16,0.01,6534,26724,0.489
24.07.2021,NO,Norway,251,135768,0,799,5189893,3431044,1758084,765,35641,94.96,62.77,32.17,0.01,6521,26673,0.488
25.07.2021,NO,Norway,175,135943,0,799,5190249,3431122,1758361,766,35605,94.96,62.78,32.17,0.01,6514,26639,0.487
26.07.2021,NO,Norway,199,136142,0,799,5202308,3439935,1761602,771,35551,95.18,62.94,32.23,0.01,6504,26601,0.487
27.07.2021,NO,Norway,315,136457,0,799,5232779,3461442,1770560,777,35555,95.74,63.33,32.39,0.01,6505,26571,0.486
28.07.2021,NO,Norway,349,136806,0,799,5327008,3529500,1796722,786,36793,97.46,64.58,32.87,0.01,6732,26932,0.493
29.07.2021,NO,Norway,422,137228,0,799,5421194,3596809,1823589,796,37325,99.19,65.81,33.36,0.01,6829,26816,0.491
30.07.2021,NO,Norway,346,137574,0,799,5454117,3618633,1834682,802,37836,99.79,66.21,33.57,0.01,6923,26822,0.491
31.07.2021,NO,Norway,354,137928,0,799,5455390,3619069,1835518,803,37928,99.81,66.22,33.58,0.01,6939,26861,0.491
01.08.2021,NO,Norway,250,138178,0,799,5455638,3619146,1835688,804,37913,99.82,66.22,33.59,0.01,6937,26861,0.491
02.08.2021,NO,Norway,242,138420,0,799,5474072,3628409,1844856,807,38823,100.15,66.39,33.75,0.01,7103,26925,0.493
03.08.2021,NO,Norway,455,138875,0,799,5507302,3643889,1862596,817,39218,100.76,66.67,34.08,0.01,7175,26064,0.477
04.08.2021,NO,Norway,446,139321,0,799,5593087,3685874,1906387,826,38011,102.33,67.44,34.88,0.02,6955,22339,0.409
05.08.2021,NO,Norway,502,139823,5,804,5677769,3721864,1955060,845,36654,103.88,68.1,35.77,0.02,6706,17865,0.327
06.08.2021,NO,Norway,463,140286,0,804,5710010,3732471,1976691,848,36556,104.47,68.29,36.17,0.02,6688,16263,0.298
07.08.2021,NO,Norway,478,140764,0,804,5711599,3732746,1978004,849,36601,104.5,68.29,36.19,0.02,6697,16240,0.297
08.08.2021,NO,Norway,322,141086,0,804,5712576,3732835,1978891,850,36705,104.52,68.3,36.21,0.02,6716,16241,0.297
09.08.2021,NO,Norway,331,141417,0,804,5737214,3735890,2000469,855,37592,104.97,68.35,36.6,0.02,6878,15354,0.281
10.08.2021,NO,Norway,669,142086,0,804,5778489,3743030,2034597,862,38741,105.72,68.48,37.23,0.02,7088,14163,0.259
11.08.2021,NO,Norway,576,142662,0,804,5881972,3764548,2116537,887,41269,107.62,68.88,38.72,0.02,7551,11239,0.206
12.08.2021,NO,Norway,609,143271,1,805,5985909,3783250,2201755,904,44020,109.52,69.22,40.28,0.02,8054,8769,0.16
13.08.2021,NO,Norway,539,143810,2,807,6031011,3788989,2241115,907,45857,110.34,69.32,41,0.02,8390,8074,0.148
14.08.2021,NO,Norway,546,144356,0,807,6033607,3789257,2243440,910,46001,110.39,69.33,41.05,0.02,8416,8073,0.148
15.08.2021,NO,Norway,434,144790,2,809,6034833,3789328,2244592,913,46037,110.41,69.33,41.07,0.02,8423,8070,0.148
16.08.2021,NO,Norway,376,145166,0,809,6068292,3791644,2275727,921,47297,111.03,69.37,41.64,0.02,8654,7965,0.146
17.08.2021,NO,Norway,625,145791,0,809,6117854,3796108,2320784,962,48481,111.93,69.45,42.46,0.02,8870,7583,0.139
18.08.2021,NO,Norway,637,146428,1,810,6235996,3807260,2427690,1046,50575,114.09,69.66,44.42,0.02,9253,6102,0.112
19.08.2021,NO,Norway,689,147117,1,811,6347426,3817155,2529158,1113,51645,116.13,69.84,46.27,0.02,9449,4844,0.089
20.08.2021,NO,Norway,669,147786,1,812,6405888,3822096,2582665,1127,53554,117.2,69.93,47.25,0.02,9798,4730,0.087
21.08.2021,NO,Norway,741,148527,0,812,6413137,3822460,2589547,1130,54219,117.34,69.94,47.38,0.02,9920,4743,0.087
22.08.2021,NO,Norway,592,149119,1,813,6415103,3822588,2591384,1131,54324,117.37,69.94,47.41,0.02,9939,4751,0.087
23.08.2021,NO,Norway,554,149673,0,813,6458963,3824885,2632879,1199,55810,118.17,69.98,48.17,0.02,10211,4749,0.087
24.08.2021,NO,Norway,1179,150852,0,813,6531208,3830201,2699738,1269,59051,119.5,70.08,49.39,0.02,10804,4870,0.089
25.08.2021,NO,Norway,1334,152186,0,813,6669777,3842425,2826063,1289,61969,122.03,70.3,51.71,0.02,11338,5024,0.092
26.08.2021,NO,Norway,1416,153602,3,816,6808423,3855901,2951148,1374,65857,124.57,70.55,53.99,0.03,12049,5535,0.101
27.08.2021,NO,Norway,1394,154996,0,816,6878956,3864736,3012792,1428,67581,125.86,70.71,55.12,0.03,12365,6091,0.111
28.08.2021,NO,Norway,1435,156431,0,816,6891405,3867089,3022881,1435,68324,126.09,70.75,55.31,0.03,12501,6376,0.117
29.08.2021,NO,Norway,1000,157431,4,820,6896341,3867256,3027646,1439,68748,126.18,70.76,55.39,0.03,12578,6381,0.117
30.08.2021,NO,Norway,956,158387,0,820,6942742,3876073,3065205,1464,69111,127.03,70.92,56.08,0.03,12645,7313,0.134
31.08.2021,NO,Norway,1856,160243,0,820,6997806,3884767,3111552,1487,66657,128.03,71.08,56.93,0.03,12196,7795,0.143
01.09.2021,NO,Norway,1624,161867,8,828,7094338,3900999,3191784,1555,60652,129.8,71.37,58.4,0.03,11097,8368,0.153
02.09.2021,NO,Norway,1613,163480,0,828,7191325,3918052,3271631,1642,54700,131.57,71.69,59.86,0.03,10008,8879,0.162
03.09.2021,NO,Norway,1523,165003,0,828,7236640,3927160,3307791,1689,51098,132.4,71.85,60.52,0.03,9349,8918,0.163
04.09.2021,NO,Norway,1545,166548,0,828,7243761,3928326,3313745,1690,50337,132.53,71.87,60.63,0.03,9210,8748,0.16
05.09.2021,NO,Norway,992,167540,0,828,7245052,3928580,3314776,1696,49816,132.56,71.88,60.65,0.03,9114,8761,0.16
06.09.2021,NO,Norway,954,168494,0,828,7270254,3933544,3335003,1707,46787,133.02,71.97,61.02,0.03,8560,8210,0.15
07.09.2021,NO,Norway,1784,170278,1,829,7304292,3941538,3361022,1732,43784,133.64,72.11,61.49,0.03,8011,8110,0.148
08.09.2021,NO,Norway,1438,171716,4,833,7377104,3961440,3413845,1819,40395,134.97,72.48,62.46,0.03,7391,8634,0.158
09.09.2021,NO,Norway,1382,173098,0,833,7440959,3979905,3459133,1921,35662,136.14,72.82,63.29,0.04,6525,8836,0.162
10.09.2021,NO,Norway,1326,174424,0,833,7470943,3989331,3479626,1986,33472,136.69,72.99,63.66,0.04,6124,8882,0.163
11.09.2021,NO,Norway,1183,175607,2,835,7474819,3990430,3482400,1989,33008,136.76,73.01,63.71,0.04,6039,8872,0.162
12.09.2021,NO,Norway,665,176272,9,844,7475371,3990840,3482534,1997,32903,136.77,73.02,63.72,0.04,6020,8894,0.163
13.09.2021,NO,Norway,778,177050,6,850,7491450,3995980,3493424,2046,31599,137.06,73.11,63.92,0.04,5781,8919,0.163
14.09.2021,NO,Norway,1313,178363,0,850,7520205,4012176,3505851,2178,30845,137.59,73.41,64.14,0.04,5643,10091,0.185
15.09.2021,NO,Norway,1012,179375,5,855,7580908,4041956,3535966,2986,29115,138.7,73.95,64.69,0.05,5327,11502,0.21
16.09.2021,NO,Norway,921,180296,0,855,7633501,4068379,3560364,4758,27506,139.66,74.44,65.14,0.09,5033,12639,0.231
17.09.2021,NO,Norway,810,181106,0,855,7658366,4081694,3571157,5515,26775,140.12,74.68,65.34,0.1,4899,13195,0.241
18.09.2021,NO,Norway,684,181790,0,855,7661198,4083995,3571631,5572,26626,140.17,74.72,65.35,0.1,4872,13366,0.245
19.09.2021,NO,Norway,510,182300,2,857,7661305,4084015,3571712,5578,26562,140.17,74.72,65.35,0.1,4860,13311,0.244
20.09.2021,NO,Norway,481,182781,0,857,7681818,4096905,3578351,6562,27195,140.55,74.96,65.47,0.12,4976,14418,0.264
21.09.2021,NO,Norway,988,183769,0,857,7707713,4112276,3587850,7587,26787,141.02,75.24,65.64,0.14,4901,14300,0.262
22.09.2021,NO,Norway,702,184471,0,857,7745810,4129176,3606897,9737,23557,141.72,75.55,65.99,0.18,4310,12460,0.228
23.09.2021,NO,Norway,725,185196,0,857,7779835,4144170,3623813,11852,20905,142.34,75.82,66.3,0.22,3825,10827,0.198
24.09.2021,NO,Norway,760,185956,0,857,7794660,4150778,3631195,12687,19471,142.61,75.94,66.44,0.23,3562,9869,0.181
25.09.2021,NO,Norway,650,186606,0,857,7796515,4152429,3631363,12723,19331,142.65,75.97,66.44,0.23,3537,9776,0.179
26.09.2021,NO,Norway,404,187010,12,869,7796612,4152442,3631441,12729,19330,142.65,75.97,66.44,0.23,3537,9775,0.179
27.09.2021,NO,Norway,386,187396,0,869,7806927,4156807,3636661,13459,17873,142.84,76.05,66.54,0.25,3270,8557,0.157
28.09.2021,NO,Norway,750,188146,0,869,7820319,4161847,3644015,14457,16087,143.08,76.15,66.67,0.26,2943,7082,0.13
29.09.2021,NO,Norway,609,188755,0,869,7847846,4172047,3658744,17055,14577,143.59,76.33,66.94,0.31,2667,6124,0.112
30.09.2021,NO,Norway,583,189338,0,869,7875147,4182311,3672711,20125,13616,144.08,76.52,67.2,0.37,2491,5449,0.1
01.10.2021,NO,Norway,498,189836,0,869,7885100,4184903,3679019,21178,12920,144.27,76.57,67.31,0.39,2364,4875,0.089
02.10.2021,NO,Norway,488,190324,0,869,7885568,4185028,3679314,21226,12722,144.28,76.57,67.32,0.39,2328,4657,0.085
03.10.2021,NO,Norway,300,190624,7,876,7885601,4185033,3679335,21233,12713,144.28,76.57,67.32,0.39,2326,4656,0.085
04.10.2021,NO,Norway,256,190880,0,876,7890442,4186169,3682372,21901,11931,144.36,76.59,67.37,0.4,2183,4195,0.077
05.10.2021,NO,Norway,657,191537,0,876,7899861,4188906,3687541,23414,11363,144.54,76.64,67.47,0.43,2079,3866,0.071
06.10.2021,NO,Norway,486,192023,1,877,7914090,4192622,3694676,26792,9463,144.8,76.71,67.6,0.49,1731,2939,0.054
07.10.2021,NO,Norway,492,192515,0,877,7930397,4196145,3702329,31923,7893,145.1,76.77,67.74,0.58,1444,1976,0.036
08.10.2021,NO,Norway,449,192964,0,877,7940293,4197544,3706134,36615,7885,145.28,76.8,67.81,0.67,1443,1806,0.033
09.10.2021,NO,Norway,446,193410,0,877,7940563,4197579,3706228,36756,7856,145.28,76.8,67.81,0.67,1437,1793,0.033
10.10.2021,NO,Norway,238,193648,7,884,7940681,4197595,3706246,36840,7869,145.28,76.8,67.81,0.67,1440,1795,0.033
11.10.2021,NO,Norway,243,193891,0,884,7951344,4198699,3708213,44432,8700,145.48,76.82,67.85,0.81,1592,1790,0.033
12.10.2021,NO,Norway,616,194507,0,884,7963376,4200022,3710843,52511,9074,145.7,76.84,67.89,0.96,1660,1588,0.029
13.10.2021,NO,Norway,459,194966,1,885,7975933,4202131,3716463,57339,8835,145.93,76.88,68,1.05,1616,1358,0.025
14.10.2021,NO,Norway,386,195352,0,885,7983627,4203430,3720046,60151,7604,146.07,76.91,68.06,1.1,1391,1041,0.019
15.10.2021,NO,Norway,375,195727,0,885,7988338,4204305,3722250,61783,6864,146.16,76.92,68.1,1.13,1256,966,0.018
16.10.2021,NO,Norway,447,196174,0,885,7988419,4204327,3722297,61795,6837,146.16,76.92,68.1,1.13,1251,964,0.018
17.10.2021,NO,Norway,290,196464,5,890,7988476,4204336,3722318,61822,6828,146.16,76.92,68.1,1.13,1249,963,0.018
18.10.2021,NO,Norway,259,196723,0,890,7991978,4204770,3723707,63501,5805,146.22,76.93,68.13,1.16,1062,867,0.016
19.10.2021,NO,Norway,746,197469,0,890,7997572,4205681,3726123,65768,4885,146.32,76.95,68.17,1.2,894,808,0.015
20.10.2021,NO,Norway,580,198049,3,893,8009253,4208038,3730916,70299,4760,146.54,76.99,68.26,1.29,871,844,0.015
21.10.2021,NO,Norway,716,198765,0,893,8021651,4210003,3736086,75562,5432,146.77,77.03,68.36,1.38,994,939,0.017
22.10.2021,NO,Norway,645,199410,0,893,8027547,4210870,3738475,78202,5601,146.87,77.04,68.4,1.43,1025,938,0.017
23.10.2021,NO,Norway,752,200162,0,893,8027676,4210917,3738522,78237,5608,146.88,77.04,68.4,1.43,1026,941,0.017
24.10.2021,NO,Norway,463,200625,8,901,8027702,4210924,3738528,78250,5604,146.88,77.04,68.4,1.43,1025,941,0.017
25.10.2021,NO,Norway,502,201127,0,901,8032121,4211480,3740162,80479,5735,146.96,77.05,68.43,1.47,1049,959,0.018
26.10.2021,NO,Norway,1224,202351,0,901,8038052,4212438,3742260,83354,5783,147.07,77.07,68.47,1.53,1058,965,0.018
27.10.2021,NO,Norway,1055,203406,0,901,8050892,4214209,3747855,88828,5948,147.3,77.1,68.57,1.63,1088,882,0.016
28.10.2021,NO,Norway,1114,204520,0,901,8064162,4215692,3753843,94627,6073,147.54,77.13,68.68,1.73,1111,813,0.015
29.10.2021,NO,Norway,1143,205663,0,901,8069139,4216411,3755668,97060,5942,147.63,77.14,68.71,1.78,1087,792,0.014
30.10.2021,NO,Norway,1179,206842,0,901,8069338,4216480,3755728,97130,5952,147.64,77.15,68.72,1.78,1089,795,0.015
31.10.2021,NO,Norway,605,207447,16,917,8069366,4216485,3755740,97141,5952,147.64,77.15,68.72,1.78,1089,794,0.015
01.11.2021,NO,Norway,687,208134,2,919,8073588,4217036,3756887,99665,5924,147.72,77.16,68.74,1.82,1084,794,0.015
02.11.2021,NO,Norway,1975,210109,0,919,8083573,4218000,3758711,106862,6503,147.9,77.17,68.77,1.96,1190,795,0.015
03.11.2021,NO,Norway,1415,211524,0,919,8105629,4220057,3763442,122130,7820,148.3,77.21,68.86,2.23,1431,835,0.015
04.11.2021,NO,Norway,1651,213175,0,919,8129877,4222295,3768112,139470,9388,148.75,77.25,68.94,2.55,1718,943,0.017
05.11.2021,NO,Norway,1498,214673,0,919,8142697,4223351,3770406,148940,10508,148.98,77.27,68.98,2.73,1923,991,0.018
06.11.2021,NO,Norway,1457,216130,0,919,8144508,4223424,3770522,150562,10739,149.01,77.27,68.99,2.75,1965,992,0.018
07.11.2021,NO,Norway,885,217015,29,948,8145752,4223436,3770533,151783,10912,149.04,77.27,68.99,2.78,1996,993,0.018
08.11.2021,NO,Norway,958,217973,0,948,8158142,4224106,3772128,161908,12079,149.26,77.28,69.02,2.96,2210,1010,0.018
09.11.2021,NO,Norway,2390,220363,0,948,8177813,4225386,3775339,177088,13463,149.62,77.31,69.07,3.24,2463,1055,0.019
10.11.2021,NO,Norway,1753,222116,2,950,8213553,4227432,3779557,206564,15418,150.28,77.35,69.15,3.78,2821,1054,0.019
11.11.2021,NO,Norway,1966,224082,0,950,8248636,4229649,3785157,233830,16966,150.92,77.39,69.25,4.28,3104,1051,0.019
12.11.2021,NO,Norway,1773,225855,2,952,8263557,4230628,3786850,246079,17266,151.19,77.4,69.28,4.5,3159,1040,0.019
13.11.2021,NO,Norway,1791,227646,0,952,8264323,4230713,3786975,246635,17116,151.21,77.41,69.29,4.51,3132,1041,0.019
14.11.2021,NO,Norway,1088,228734,39,991,8264427,4230717,3786982,246728,16954,151.21,77.41,69.29,4.51,3102,1040,0.019
15.11.2021,NO,Norway,1061,229795,2,993,8280394,4231766,3789450,259178,17465,151.5,77.43,69.33,4.74,3195,1094,0.02
16.11.2021,NO,Norway,2861,232656,2,995,8303297,4233071,3792439,277787,17926,151.92,77.45,69.39,5.08,3280,1098,0.02
17.11.2021,NO,Norway,2139,234795,5,1000,8347621,4235294,3798330,313997,19153,152.73,77.49,69.49,5.74,3504,1123,0.021
18.11.2021,NO,Norway,2434,237229,1,1001,8391135,4237396,3802906,350833,20357,153.53,77.53,69.58,6.42,3725,1107,0.02
19.11.2021,NO,Norway,2334,239563,0,1001,8412100,4238420,3805558,368122,21220,153.91,77.55,69.63,6.74,3882,1113,0.02
20.11.2021,NO,Norway,2222,241785,3,1004,8413874,4238523,3806342,369009,21364,153.94,77.55,69.64,6.75,3909,1116,0.02
21.11.2021,NO,Norway,1378,243163,36,1040,8414037,4238536,3806353,369148,21373,153.94,77.55,69.64,6.75,3910,1117,0.02
22.11.2021,NO,Norway,1351,244514,2,1042,8435877,4239460,3808519,387898,22212,154.34,77.57,69.68,7.1,4064,1099,0.02
23.11.2021,NO,Norway,3534,248048,0,1042,8469407,4240702,3813383,415322,23730,154.96,77.59,69.77,7.6,4342,1090,0.02
24.11.2021,NO,Norway,2800,250848,6,1048,8534324,4243235,3820951,470138,26672,156.15,77.63,69.91,8.6,4880,1134,0.021
25.11.2021,NO,Norway,2939,253787,7,1055,8599684,4245775,3830036,523873,29793,157.34,77.68,70.07,9.58,5451,1197,0.022
26.11.2021,NO,Norway,2822,256609,0,1055,8629024,4246892,3833745,548387,30989,157.88,77.7,70.14,10.03,5670,1210,0.022
27.11.2021,NO,Norway,2728,259337,0,1055,8632752,4247038,3834022,551692,31268,157.95,77.7,70.15,10.09,5721,1216,0.022
28.11.2021,NO,Norway,1796,261133,33,1088,8633725,4247046,3834048,552631,31384,157.96,77.7,70.15,10.11,5742,1216,0.022
29.11.2021,NO,Norway,1845,262978,0,1088,8661374,4247942,3837602,575830,32214,158.47,77.72,70.21,10.54,5894,1212,0.022
30.11.2021,NO,Norway,4687,267665,4,1092,8701795,4249284,3843250,609261,33198,159.21,77.75,70.32,11.15,6074,1226,0.022
01.12.2021,NO,Norway,3787,271452,10,1102,8769241,4251796,3851986,665459,33560,160.44,77.79,70.48,12.18,6140,1223,0.022
02.12.2021,NO,Norway,4073,275525,1,1103,8841525,4254238,3861996,725291,34549,161.77,77.84,70.66,13.27,6321,1209,0.022
03.12.2021,NO,Norway,4185,279710,0,1103,8873008,4255463,3865519,752026,34855,162.34,77.86,70.72,13.76,6377,1224,0.022
04.12.2021,NO,Norway,4291,284001,0,1103,8875432,4255598,3865723,754111,34669,162.39,77.86,70.73,13.8,6343,1223,0.022
05.12.2021,NO,Norway,2680,286681,32,1135,8876253,4255617,3865757,754879,34647,162.4,77.86,70.73,13.81,6339,1224,0.022
06.12.2021,NO,Norway,2898,289579,3,1138,8905990,4256655,3868073,781262,34945,162.95,77.88,70.77,14.29,6394,1245,0.023
07.12.2021,NO,Norway,6472,296051,0,1138,8949367,4258154,3871886,819327,35367,163.74,77.91,70.84,14.99,6471,1267,0.023
08.12.2021,NO,Norway,5516,301567,1,1139,9025655,4260814,3877600,887241,36631,165.13,77.96,70.95,16.23,6702,1288,0.024
09.12.2021,NO,Norway,5308,306875,1,1140,9110489,4263695,3884015,962779,38423,166.69,78.01,71.06,17.62,7030,1351,0.025
10.12.2021,NO,Norway,5301,312176,1,1141,9145317,4264965,3886352,994000,38901,167.32,78.03,71.11,18.19,7117,1357,0.025
11.12.2021,NO,Norway,5182,317358,0,1141,9149337,4265042,3886620,997675,39129,167.4,78.03,71.11,18.25,7159,1349,0.025
12.12.2021,NO,Norway,3166,320524,42,1183,9151444,4265074,3886662,999708,39313,167.44,78.03,71.11,18.29,7193,1351,0.025
13.12.2021,NO,Norway,3212,323736,0,1183,9182782,4266345,3888730,1027707,39542,168.01,78.06,71.15,18.8,7235,1384,0.025
14.12.2021,NO,Norway,6646,330382,22,1205,9236868,4268344,3892518,1076006,41072,169,78.09,71.22,19.69,7515,1456,0.027
15.12.2021,NO,Norway,5199,335581,0,1205,9326281,4271909,3898633,1155739,42947,170.64,78.16,71.33,21.15,7858,1585,0.029
16.12.2021,NO,Norway,5020,340601,0,1205,9425648,4276377,3905874,1243397,45023,172.45,78.24,71.46,22.75,8237,1812,0.033
17.12.2021,NO,Norway,4655,345256,2,1207,9468317,4278374,3908985,1280958,46143,173.23,78.28,71.52,23.44,8442,1916,0.035
18.12.2021,NO,Norway,4252,349508,0,1207,9476312,4278639,3909460,1288213,46711,173.38,78.28,71.53,23.57,8546,1942,0.036
19.12.2021,NO,Norway,2747,352255,27,1234,9479425,4278696,3909668,1291061,46854,173.44,78.28,71.53,23.62,8572,1946,0.036
20.12.2021,NO,Norway,2605,354860,3,1237,9535889,4280952,3912803,1342134,50444,174.47,78.32,71.59,24.56,9229,2087,0.038
21.12.2021,NO,Norway,5365,360225,2,1239,9602677,4283666,3916747,1402264,52258,175.69,78.37,71.66,25.66,9561,2189,0.04
22.12.2021,NO,Norway,4173,364398,21,1260,9657031,4285885,3919957,1451189,47250,176.69,78.42,71.72,26.55,8645,1997,0.037
23.12.2021,NO,Norway,3690,368088,0,1260,9664901,4286163,3920594,1458144,34179,176.83,78.42,71.73,26.68,6253,1398,0.026
24.12.2021,NO,Norway,3353,371441,0,1260,9664973,4286168,3920606,1458199,28094,176.83,78.42,71.73,26.68,5140,1113,0.02
25.12.2021,NO,Norway,1781,373222,0,1260,9665001,4286169,3920608,1458224,26956,176.83,78.42,71.73,26.68,4932,1076,0.02
26.12.2021,NO,Norway,2025,375247,41,1301,9665035,4286173,3920614,1458248,26516,176.83,78.42,71.73,26.68,4851,1068,0.02
27.12.2021,NO,Norway,2431,377678,1,1302,9684867,4286780,3921778,1476309,21283,177.2,78.43,71.75,27.01,3894,833,0.015
28.12.2021,NO,Norway,4796,382474,1,1303,9719040,4287669,3923389,1507982,16623,177.82,78.45,71.78,27.59,3041,572,0.01
29.12.2021,NO,Norway,4016,386490,0,1303,9760132,4288848,3925430,1545854,14729,178.57,78.47,71.82,28.28,2695,423,0.008
30.12.2021,NO,Norway,4172,390662,2,1305,9778038,4289256,3926254,1562528,16162,178.9,78.48,71.84,28.59,2957,442,0.008
31.12.2021,NO,Norway,4192,394854,0,1305,9778734,4289277,3926293,1563164,16252,178.91,78.48,71.84,28.6,2973,444,0.008
01.01.2022,NO,Norway,2830,397684,0,1305,9778750,4289278,3926294,1563178,16250,178.91,78.48,71.84,28.6,2973,444,0.008
02.01.2022,NO,Norway,2592,400276,40,1345,9778825,4289281,3926300,1563244,16256,178.91,78.48,71.84,28.6,2974,444,0.008
03.01.2022,NO,Norway,4055,404331,0,1345,9813151,4289876,3927819,1595456,18326,179.54,78.49,71.86,29.19,3353,442,0.008
04.01.2022,NO,Norway,9136,413467,2,1347,9881297,4291239,3930956,1659102,23180,180.79,78.51,71.92,30.36,4241,510,0.009
05.01.2022,NO,Norway,8009,421476,2,1349,9982056,4293230,3935977,1752849,31703,182.63,78.55,72.01,32.07,5800,626,0.011
06.01.2022,NO,Norway,7036,428512,0,1349,10079977,4295584,3941190,1843203,43134,184.42,78.59,72.11,33.72,7892,904,0.017
07.01.2022,NO,Norway,6214,434726,1,1350,10126075,4296571,3943742,1885762,49620,185.27,78.61,72.16,34.5,9079,1042,0.019
08.01.2022,NO,Norway,6371,441097,0,1350,10142858,4297007,3944739,1901112,52015,185.58,78.62,72.17,34.78,9517,1104,0.02
09.01.2022,NO,Norway,4434,445531,0,1350,10146832,4297054,3944975,1904803,52572,185.65,78.62,72.18,34.85,9619,1110,0.02
10.01.2022,NO,Norway,5169,450700,20,1370,10192284,4298065,3947478,1946741,54162,186.48,78.64,72.22,35.62,9910,1170,0.021
11.01.2022,NO,Norway,12127,462827,0,1370,10261778,4299545,3951115,2011118,54354,187.75,78.67,72.29,36.8,9945,1187,0.022
12.01.2022,NO,Norway,10906,473733,22,1392,10360908,4301440,3955952,2103516,54122,189.56,78.7,72.38,38.49,9902,1173,0.021
13.01.2022,NO,Norway,11115,484848,9,1401,10460693,4303361,3960646,2196686,54388,191.39,78.73,72.46,40.19,9951,1111,0.02
14.01.2022,NO,Norway,10881,495729,0,1401,10506923,4304294,3963104,2239525,54407,192.24,78.75,72.51,40.97,9954,1103,0.02
15.01.2022,NO,Norway,11346,507075,0,1401,10524581,4304715,3963839,2256027,54532,192.56,78.76,72.52,41.28,9977,1101,0.02
16.01.2022,NO,Norway,7745,514820,0,1401,10531513,4304784,3964060,2262669,54954,192.69,78.76,72.53,41.4,10054,1104,0.02
17.01.2022,NO,Norway,8640,523460,8,1409,10569140,4305471,3965873,2297796,53837,193.37,78.77,72.56,42.04,9850,1058,0.019
18.01.2022,NO,Norway,20814,544274,2,1411,10622584,4306671,3968871,2347042,51544,194.35,78.8,72.62,42.94,9431,1018,0.019
19.01.2022,NO,Norway,18529,562803,1,1412,10699450,4308258,3972867,2418325,48363,195.76,78.82,72.69,44.25,8849,974,0.018
20.01.2022,NO,Norway,18153,580956,1,1413,10773279,4309844,3976841,2486594,44655,197.11,78.85,72.76,45.5,8170,926,0.017
21.01.2022,NO,Norway,18278,599234,0,1413,10803630,4310571,3978466,2514593,42387,197.66,78.87,72.79,46.01,7755,897,0.016
22.01.2022,NO,Norway,18554,617788,0,1413,10807633,4310727,3978768,2518138,40436,197.74,78.87,72.8,46.07,7398,859,0.016
23.01.2022,NO,Norway,12267,630055,0,1413,10809291,4310753,3978858,2519680,39683,197.77,78.87,72.8,46.1,7260,853,0.016
24.01.2022,NO,Norway,12864,642919,23,1436,10835392,4311415,3980569,2543408,38036,198.25,78.88,72.83,46.53,6959,849,0.016
25.01.2022,NO,Norway,28361,671280,2,1438,10869424,4312485,3982967,2573972,35263,198.87,78.9,72.87,47.09,6452,831,0.015
26.01.2022,NO,Norway,23587,694867,2,1440,10918662,4313887,3986935,2617840,31316,199.77,78.93,72.95,47.9,5730,804,0.015
27.01.2022,NO,Norway,22086,716953,0,1440,10968572,4315612,3991075,2661885,27899,200.68,78.96,73.02,48.7,5104,824,0.015
28.01.2022,NO,Norway,20089,737042,0,1440,10989902,4316386,3992629,2680887,26610,201.07,78.97,73.05,49.05,4869,831,0.015
29.01.2022,NO,Norway,19000,756042,0,1440,10997421,4316701,3993150,2687570,27113,201.21,78.98,73.06,49.17,4961,853,0.016
30.01.2022,NO,Norway,10778,766820,0,1440,10998709,4316759,3993271,2688679,27060,201.23,78.98,73.06,49.19,4951,858,0.016
31.01.2022,NO,Norway,11546,778366,25,1465,11015161,4317454,3994842,2702865,25681,201.54,78.99,73.09,49.45,4699,863,0.016
01.02.2022,NO,Norway,27861,806227,0,1465,11036360,4318432,3996916,2721012,23848,201.92,79.01,73.13,49.78,4363,850,0.016
02.02.2022,NO,Norway,23467,829694,1,1466,11065527,4319850,4000021,2745656,20981,202.46,79.04,73.19,50.23,3839,852,0.016
03.02.2022,NO,Norway,20353,850047,0,1466,11094385,4321393,4002967,2770025,17973,202.98,79.06,73.24,50.68,3288,826,0.015
04.02.2022,NO,Norway,17530,867577,0,1466,11106496,4321934,4004295,2780267,16656,203.21,79.07,73.26,50.87,3047,793,0.015
05.02.2022,NO,Norway,17416,884993,0,1466,11107653,4322047,4004447,2781159,15747,203.23,79.08,73.27,50.88,2881,764,0.014
06.02.2022,NO,Norway,10964,895957,0,1466,11107956,4322060,4004490,2781406,15607,203.23,79.08,73.27,50.89,2855,757,0.014
07.02.2022,NO,Norway,11094,907051,40,1506,11117510,4322555,4005786,2789169,14621,203.41,79.09,73.29,51.03,2675,729,0.013
08.02.2022,NO,Norway,29475,936526,6,1512,11129960,4323301,4007374,2799285,13371,203.64,79.1,73.32,51.22,2446,696,0.013
09.02.2022,NO,Norway,25513,962039,0,1512,11147313,4324332,4009439,2813542,11684,203.95,79.12,73.36,51.48,2138,640,0.012
10.02.2022,NO,Norway,24011,986050,1,1513,11164366,4325443,4011463,2827460,9997,204.26,79.14,73.39,51.73,1829,579,0.011
11.02.2022,NO,Norway,21930,1007980,0,1513,11171015,4325778,4012217,2833020,9217,204.39,79.15,73.41,51.83,1686,549,0.01
12.02.2022,NO,Norway,20533,1028513,0,1513,11173027,4325966,4012436,2834625,9339,204.42,79.15,73.41,51.86,1709,560,0.01
13.02.2022,NO,Norway,9179,1037692,0,1513,11173190,4326000,4012455,2834735,9319,204.43,79.15,73.41,51.86,1705,563,0.01
14.02.2022,NO,Norway,7829,1045521,32,1545,11178374,4326370,4013024,2838980,8695,204.52,79.16,73.42,51.94,1591,545,0.01
15.02.2022,NO,Norway,20265,1065786,3,1548,11185621,4326713,4013949,2844959,7952,204.65,79.16,73.44,52.05,1455,487,0.009
16.02.2022,NO,Norway,16661,1082447,0,1548,11195912,4327273,4015356,2853283,6943,204.84,79.17,73.47,52.2,1270,420,0.008
17.02.2022,NO,Norway,17180,1099627,0,1548,11205717,4327875,4016764,2861078,5907,205.02,79.18,73.49,52.35,1081,347,0.006
18.02.2022,NO,Norway,15820,1115447,0,1548,11209961,4328083,4017306,2864572,5564,205.1,79.19,73.5,52.41,1018,329,0.006
19.02.2022,NO,Norway,15691,1131138,0,1548,11210233,4328110,4017342,2864781,5315,205.1,79.19,73.5,52.41,972,306,0.006
20.02.2022,NO,Norway,7681,1138819,0,1548,11210269,4328112,4017353,2864804,5297,205.1,79.19,73.5,52.41,969,302,0.006
21.02.2022,NO,Norway,7524,1146343,48,1596,11213581,4328259,4017770,2867552,5030,205.17,79.19,73.51,52.47,920,270,0.005
22.02.2022,NO,Norway,22203,1168546,1,1597,11217117,4328464,4018276,2870377,4499,205.23,79.19,73.52,52.52,823,250,0.005
23.02.2022,NO,Norway,18322,1186868,1,1598,11222571,4328752,4018995,2874824,3808,205.33,79.2,73.53,52.6,697,211,0.004
24.02.2022,NO,Norway,18121,1204989,0,1598,11227620,4328998,4019889,2878733,3129,205.42,79.2,73.55,52.67,572,160,0.003
25.02.2022,NO,Norway,15332,1220321,0,1598,11230317,4329133,4020275,2880909,2908,205.47,79.21,73.56,52.71,532,150,0.003
26.02.2022,NO,Norway,14534,1234855,0,1598,11230516,4329146,4020315,2881055,2898,205.48,79.21,73.56,52.71,530,148,0.003
27.02.2022,NO,Norway,6200,1241055,0,1598,11230543,4329147,4020323,2881073,2896,205.48,79.21,73.56,52.71,530,148,0.003
28.02.2022,NO,Norway,6172,1247227,61,1659,11232506,4329229,4020623,2882654,2704,205.51,79.21,73.56,52.74,495,139,0.003
01.03.2022,NO,Norway,17523,1264750,2,1661,11234907,4329372,4020987,2884548,2541,205.56,79.21,73.57,52.78,465,130,0.002
02.03.2022,NO,Norway,12442,1277192,3,1664,11238074,4329533,4021506,2887035,2215,205.61,79.21,73.58,52.82,405,112,0.002
03.03.2022,NO,Norway,11092,1288284,0,1664,11241055,4329696,4022045,2889314,1919,205.67,79.22,73.59,52.86,351,100,0.002
04.03.2022,NO,Norway,8883,1297167,0,1664,11242451,4329784,4022267,2890400,1733,205.69,79.22,73.59,52.88,317,93,0.002
05.03.2022,NO,Norway,8273,1305440,0,1664,11242584,4329795,4022296,2890493,1724,205.7,79.22,73.59,52.88,315,93,0.002
06.03.2022,NO,Norway,3707,1309147,0,1664,11242595,4329797,4022302,2890496,1722,205.7,79.22,73.59,52.88,315,93,0.002
07.03.2022,NO,Norway,3375,1312522,82,1746,11243891,4329881,4022509,2891501,1626,205.72,79.22,73.6,52.9,297,93,0.002
08.03.2022,NO,Norway,11584,1324106,2,1748,11245478,4330015,4022768,2892695,1510,205.75,79.22,73.6,52.93,276,92,0.002
09.03.2022,NO,Norway,7515,1331621,1,1749,11248291,4330230,4023234,2894827,1460,205.8,79.23,73.61,52.96,267,100,0.002
10.03.2022,NO,Norway,6903,1338524,2,1751,11251214,4330488,4023762,2896964,1451,205.85,79.23,73.62,53,265,113,0.002
11.03.2022,NO,Norway,2637,1341161,0,1751,11251214,4330488,4023762,2896964,1451,205.85,79.23,73.62,53,265,113,0.002
